วันที่,ประเภท,สินค้า,หน่วย,ราคา ต่ำสุด,ราคา สูงสุด,ราคาเฉลี่ย
4 ม.ค. 2560,ขายส่ง,ลูกไก่ไข่,บาท/ตัว,18,19,18.5
5 ม.ค. 2560,ขายส่ง,ลูกไก่ไข่,บาท/ตัว,18,19,18.5
6 ม.ค. 2560,ขายส่ง,ลูกไก่ไข่,บาท/ตัว,18,19,18.5
9 ม.ค. 2560,ขายส่ง,ลูกไก่ไข่,บาท/ตัว,18,19,18.5
10 ม.ค. 2560,ขายส่ง,ลูกไก่ไข่,บาท/ตัว,18,19,18.5
11 ม.ค. 2560,ขายส่ง,ลูกไก่ไข่,บาท/ตัว,18,19,18.5
12 ม.ค. 2560,ขายส่ง,ลูกไก่ไข่,บาท/ตัว,18,19,18.5
13 ม.ค. 2560,ขายส่ง,ลูกไก่ไข่,บาท/ตัว,18,19,18.5
16 ม.ค. 2560,ขายส่ง,ลูกไก่ไข่,บาท/ตัว,18,19,18.5
17 ม.ค. 2560,ขายส่ง,ลูกไก่ไข่,บาท/ตัว,18,19,18.5
18 ม.ค. 2560,ขายส่ง,ลูกไก่ไข่,บาท/ตัว,18,19,18.5
19 ม.ค. 2560,ขายส่ง,ลูกไก่ไข่,บาท/ตัว,18,19,18.5
20 ม.ค. 2560,ขายส่ง,ลูกไก่ไข่,บาท/ตัว,18,19,18.5
23 ม.ค. 2560,ขายส่ง,ลูกไก่ไข่,บาท/ตัว,18,19,18.5
24 ม.ค. 2560,ขายส่ง,ลูกไก่ไข่,บาท/ตัว,18,19,18.5
25 ม.ค. 2560,ขายส่ง,ลูกไก่ไข่,บาท/ตัว,18,19,18.5
26 ม.ค. 2560,ขายส่ง,ลูกไก่ไข่,บาท/ตัว,18,19,18.5
27 ม.ค. 2560,ขายส่ง,ลูกไก่ไข่,บาท/ตัว,18,19,18.5
30 ม.ค. 2560,ขายส่ง,ลูกไก่ไข่,บาท/ตัว,18,19,18.5
31 ม.ค. 2560,ขายส่ง,ลูกไก่ไข่,บาท/ตัว,18,19,18.5
1 ก.พ. 2560,ขายส่ง,ลูกไก่ไข่,บาท/ตัว,18,19,18.5
2 ก.พ. 2560,ขายส่ง,ลูกไก่ไข่,บาท/ตัว,18,19,18.5
3 ก.พ. 2560,ขายส่ง,ลูกไก่ไข่,บาท/ตัว,18,19,18.5
6 ก.พ. 2560,ขายส่ง,ลูกไก่ไข่,บาท/ตัว,18,19,18.5
7 ก.พ. 2560,ขายส่ง,ลูกไก่ไข่,บาท/ตัว,18,19,18.5
8 ก.พ. 2560,ขายส่ง,ลูกไก่ไข่,บาท/ตัว,18,19,18.5
9 ก.พ. 2560,ขายส่ง,ลูกไก่ไข่,บาท/ตัว,18,19,18.5
10 ก.พ. 2560,ขายส่ง,ลูกไก่ไข่,บาท/ตัว,18,19,18.5
14 ก.พ. 2560,ขายส่ง,ลูกไก่ไข่,บาท/ตัว,18,19,18.5
15 ก.พ. 2560,ขายส่ง,ลูกไก่ไข่,บาท/ตัว,18,19,18.5
16 ก.พ. 2560,ขายส่ง,ลูกไก่ไข่,บาท/ตัว,18,19,18.5
17 ก.พ. 2560,ขายส่ง,ลูกไก่ไข่,บาท/ตัว,18,19,18.5
20 ก.พ. 2560,ขายส่ง,ลูกไก่ไข่,บาท/ตัว,16,17,16.5
21 ก.พ. 2560,ขายส่ง,ลูกไก่ไข่,บาท/ตัว,16,17,16.5
22 ก.พ. 2560,ขายส่ง,ลูกไก่ไข่,บาท/ตัว,16,17,16.5
23 ก.พ. 2560,ขายส่ง,ลูกไก่ไข่,บาท/ตัว,16,17,16.5
24 ก.พ. 2560,ขายส่ง,ลูกไก่ไข่,บาท/ตัว,16,17,16.5
27 ก.พ. 2560,ขายส่ง,ลูกไก่ไข่,บาท/ตัว,16,17,16.5
28 ก.พ. 2560,ขายส่ง,ลูกไก่ไข่,บาท/ตัว,16,17,16.5
1 มี.ค. 2560,ขายส่ง,ลูกไก่ไข่,บาท/ตัว,16,17,16.5
2 มี.ค. 2560,ขายส่ง,ลูกไก่ไข่,บาท/ตัว,16,17,16.5
3 มี.ค. 2560,ขายส่ง,ลูกไก่ไข่,บาท/ตัว,16,17,16.5
6 มี.ค. 2560,ขายส่ง,ลูกไก่ไข่,บาท/ตัว,16,17,16.5
7 มี.ค. 2560,ขายส่ง,ลูกไก่ไข่,บาท/ตัว,16,17,16.5
8 มี.ค. 2560,ขายส่ง,ลูกไก่ไข่,บาท/ตัว,16,17,16.5
9 มี.ค. 2560,ขายส่ง,ลูกไก่ไข่,บาท/ตัว,16,17,16.5
10 มี.ค. 2560,ขายส่ง,ลูกไก่ไข่,บาท/ตัว,16,17,16.5
13 มี.ค. 2560,ขายส่ง,ลูกไก่ไข่,บาท/ตัว,16,17,16.5
14 มี.ค. 2560,ขายส่ง,ลูกไก่ไข่,บาท/ตัว,16,17,16.5
15 มี.ค. 2560,ขายส่ง,ลูกไก่ไข่,บาท/ตัว,16,17,16.5
16 มี.ค. 2560,ขายส่ง,ลูกไก่ไข่,บาท/ตัว,16,17,16.5
17 มี.ค. 2560,ขายส่ง,ลูกไก่ไข่,บาท/ตัว,16,17,16.5
20 มี.ค. 2560,ขายส่ง,ลูกไก่ไข่,บาท/ตัว,14,15,14.5
21 มี.ค. 2560,ขายส่ง,ลูกไก่ไข่,บาท/ตัว,14,15,14.5
22 มี.ค. 2560,ขายส่ง,ลูกไก่ไข่,บาท/ตัว,14,15,14.5
23 มี.ค. 2560,ขายส่ง,ลูกไก่ไข่,บาท/ตัว,14,15,14.5
24 มี.ค. 2560,ขายส่ง,ลูกไก่ไข่,บาท/ตัว,14,15,14.5
27 มี.ค. 2560,ขายส่ง,ลูกไก่ไข่,บาท/ตัว,14,15,14.5
28 มี.ค. 2560,ขายส่ง,ลูกไก่ไข่,บาท/ตัว,14,15,14.5
29 มี.ค. 2560,ขายส่ง,ลูกไก่ไข่,บาท/ตัว,14,15,14.5
30 มี.ค. 2560,ขายส่ง,ลูกไก่ไข่,บาท/ตัว,14,15,14.5
31 มี.ค. 2560,ขายส่ง,ลูกไก่ไข่,บาท/ตัว,14,15,14.5
3 เม.ย. 2560,ขายส่ง,ลูกไก่ไข่,บาท/ตัว,14,15,14.5
4 เม.ย. 2560,ขายส่ง,ลูกไก่ไข่,บาท/ตัว,14,15,14.5
5 เม.ย. 2560,ขายส่ง,ลูกไก่ไข่,บาท/ตัว,14,15,14.5
7 เม.ย. 2560,ขายส่ง,ลูกไก่ไข่,บาท/ตัว,14,15,14.5
10 เม.ย. 2560,ขายส่ง,ลูกไก่ไข่,บาท/ตัว,14,15,14.5
11 เม.ย. 2560,ขายส่ง,ลูกไก่ไข่,บาท/ตัว,14,15,14.5
12 เม.ย. 2560,ขายส่ง,ลูกไก่ไข่,บาท/ตัว,14,15,14.5
18 เม.ย. 2560,ขายส่ง,ลูกไก่ไข่,บาท/ตัว,14,15,14.5
19 เม.ย. 2560,ขายส่ง,ลูกไก่ไข่,บาท/ตัว,14,15,14.5
20 เม.ย. 2560,ขายส่ง,ลูกไก่ไข่,บาท/ตัว,14,15,14.5
21 เม.ย. 2560,ขายส่ง,ลูกไก่ไข่,บาท/ตัว,14,15,14.5
24 เม.ย. 2560,ขายส่ง,ลูกไก่ไข่,บาท/ตัว,14,15,14.5
25 เม.ย. 2560,ขายส่ง,ลูกไก่ไข่,บาท/ตัว,14,15,14.5
26 เม.ย. 2560,ขายส่ง,ลูกไก่ไข่,บาท/ตัว,14,15,14.5
27 เม.ย. 2560,ขายส่ง,ลูกไก่ไข่,บาท/ตัว,14,15,14.5
28 เม.ย. 2560,ขายส่ง,ลูกไก่ไข่,บาท/ตัว,14,15,14.5
1 พ.ค. 2560,ขายส่ง,ลูกไก่ไข่,บาท/ตัว,16,17,16.5
2 พ.ค. 2560,ขายส่ง,ลูกไก่ไข่,บาท/ตัว,16,17,16.5
3 พ.ค. 2560,ขายส่ง,ลูกไก่ไข่,บาท/ตัว,16,17,16.5
4 พ.ค. 2560,ขายส่ง,ลูกไก่ไข่,บาท/ตัว,16,17,16.5
5 พ.ค. 2560,ขายส่ง,ลูกไก่ไข่,บาท/ตัว,16,17,16.5
8 พ.ค. 2560,ขายส่ง,ลูกไก่ไข่,บาท/ตัว,16,17,16.5
9 พ.ค. 2560,ขายส่ง,ลูกไก่ไข่,บาท/ตัว,16,17,16.5
11 พ.ค. 2560,ขายส่ง,ลูกไก่ไข่,บาท/ตัว,16,17,16.5
15 พ.ค. 2560,ขายส่ง,ลูกไก่ไข่,บาท/ตัว,16,17,16.5
16 พ.ค. 2560,ขายส่ง,ลูกไก่ไข่,บาท/ตัว,16,17,16.5
17 พ.ค. 2560,ขายส่ง,ลูกไก่ไข่,บาท/ตัว,16,17,16.5
18 พ.ค. 2560,ขายส่ง,ลูกไก่ไข่,บาท/ตัว,16,17,16.5
19 พ.ค. 2560,ขายส่ง,ลูกไก่ไข่,บาท/ตัว,16,17,16.5
22 พ.ค. 2560,ขายส่ง,ลูกไก่ไข่,บาท/ตัว,16,17,16.5
23 พ.ค. 2560,ขายส่ง,ลูกไก่ไข่,บาท/ตัว,16,17,16.5
24 พ.ค. 2560,ขายส่ง,ลูกไก่ไข่,บาท/ตัว,16,17,16.5
25 พ.ค. 2560,ขายส่ง,ลูกไก่ไข่,บาท/ตัว,16,17,16.5
26 พ.ค. 2560,ขายส่ง,ลูกไก่ไข่,บาท/ตัว,16,17,16.5
29 พ.ค. 2560,ขายส่ง,ลูกไก่ไข่,บาท/ตัว,16,17,16.5
30 พ.ค. 2560,ขายส่ง,ลูกไก่ไข่,บาท/ตัว,16,17,16.5
31 พ.ค. 2560,ขายส่ง,ลูกไก่ไข่,บาท/ตัว,16,17,16.5
1 มิ.ย. 2560,ขายส่ง,ลูกไก่ไข่,บาท/ตัว,16,17,16.5
2 มิ.ย. 2560,ขายส่ง,ลูกไก่ไข่,บาท/ตัว,16,17,16.5
5 มิ.ย. 2560,ขายส่ง,ลูกไก่ไข่,บาท/ตัว,16,17,16.5
6 มิ.ย. 2560,ขายส่ง,ลูกไก่ไข่,บาท/ตัว,16,17,16.5
7 มิ.ย. 2560,ขายส่ง,ลูกไก่ไข่,บาท/ตัว,16,17,16.5
8 มิ.ย. 2560,ขายส่ง,ลูกไก่ไข่,บาท/ตัว,16,17,16.5
9 มิ.ย. 2560,ขายส่ง,ลูกไก่ไข่,บาท/ตัว,16,17,16.5
12 มิ.ย. 2560,ขายส่ง,ลูกไก่ไข่,บาท/ตัว,16,17,16.5
13 มิ.ย. 2560,ขายส่ง,ลูกไก่ไข่,บาท/ตัว,16,17,16.5
14 มิ.ย. 2560,ขายส่ง,ลูกไก่ไข่,บาท/ตัว,16,17,16.5
15 มิ.ย. 2560,ขายส่ง,ลูกไก่ไข่,บาท/ตัว,16,17,16.5
16 มิ.ย. 2560,ขายส่ง,ลูกไก่ไข่,บาท/ตัว,16,17,16.5
19 มิ.ย. 2560,ขายส่ง,ลูกไก่ไข่,บาท/ตัว,16,17,16.5
20 มิ.ย. 2560,ขายส่ง,ลูกไก่ไข่,บาท/ตัว,16,17,16.5
21 มิ.ย. 2560,ขายส่ง,ลูกไก่ไข่,บาท/ตัว,16,17,16.5
22 มิ.ย. 2560,ขายส่ง,ลูกไก่ไข่,บาท/ตัว,16,17,16.5
23 มิ.ย. 2560,ขายส่ง,ลูกไก่ไข่,บาท/ตัว,16,17,16.5
26 มิ.ย. 2560,ขายส่ง,ลูกไก่ไข่,บาท/ตัว,16,17,16.5
27 มิ.ย. 2560,ขายส่ง,ลูกไก่ไข่,บาท/ตัว,16,17,16.5
28 มิ.ย. 2560,ขายส่ง,ลูกไก่ไข่,บาท/ตัว,16,17,16.5
29 มิ.ย. 2560,ขายส่ง,ลูกไก่ไข่,บาท/ตัว,16,17,16.5
30 มิ.ย. 2560,ขายส่ง,ลูกไก่ไข่,บาท/ตัว,16,17,16.5
3 ก.ค. 2560,ขายส่ง,ลูกไก่ไข่,บาท/ตัว,16,17,16.5
4 ก.ค. 2560,ขายส่ง,ลูกไก่ไข่,บาท/ตัว,16,17,16.5
5 ก.ค. 2560,ขายส่ง,ลูกไก่ไข่,บาท/ตัว,16,17,16.5
6 ก.ค. 2560,ขายส่ง,ลูกไก่ไข่,บาท/ตัว,16,17,16.5
7 ก.ค. 2560,ขายส่ง,ลูกไก่ไข่,บาท/ตัว,16,17,16.5
11 ก.ค. 2560,ขายส่ง,ลูกไก่ไข่,บาท/ตัว,16,17,16.5
12 ก.ค. 2560,ขายส่ง,ลูกไก่ไข่,บาท/ตัว,16,17,16.5
13 ก.ค. 2560,ขายส่ง,ลูกไก่ไข่,บาท/ตัว,16,17,16.5
14 ก.ค. 2560,ขายส่ง,ลูกไก่ไข่,บาท/ตัว,16,17,16.5
17 ก.ค. 2560,ขายส่ง,ลูกไก่ไข่,บาท/ตัว,16,17,16.5
18 ก.ค. 2560,ขายส่ง,ลูกไก่ไข่,บาท/ตัว,16,17,16.5
19 ก.ค. 2560,ขายส่ง,ลูกไก่ไข่,บาท/ตัว,16,17,16.5
20 ก.ค. 2560,ขายส่ง,ลูกไก่ไข่,บาท/ตัว,16,17,16.5
21 ก.ค. 2560,ขายส่ง,ลูกไก่ไข่,บาท/ตัว,16,17,16.5
24 ก.ค. 2560,ขายส่ง,ลูกไก่ไข่,บาท/ตัว,16,17,16.5
25 ก.ค. 2560,ขายส่ง,ลูกไก่ไข่,บาท/ตัว,16,17,16.5
26 ก.ค. 2560,ขายส่ง,ลูกไก่ไข่,บาท/ตัว,16,17,16.5
27 ก.ค. 2560,ขายส่ง,ลูกไก่ไข่,บาท/ตัว,16,17,16.5
31 ก.ค. 2560,ขายส่ง,ลูกไก่ไข่,บาท/ตัว,16,17,16.5
1 ส.ค. 2560,ขายส่ง,ลูกไก่ไข่,บาท/ตัว,16,17,16.5
2 ส.ค. 2560,ขายส่ง,ลูกไก่ไข่,บาท/ตัว,16,17,16.5
3 ส.ค. 2560,ขายส่ง,ลูกไก่ไข่,บาท/ตัว,16,17,16.5
4 ส.ค. 2560,ขายส่ง,ลูกไก่ไข่,บาท/ตัว,16,17,16.5
7 ส.ค. 2560,ขายส่ง,ลูกไก่ไข่,บาท/ตัว,16,17,16.5
8 ส.ค. 2560,ขายส่ง,ลูกไก่ไข่,บาท/ตัว,16,17,16.5
9 ส.ค. 2560,ขายส่ง,ลูกไก่ไข่,บาท/ตัว,16,17,16.5
10 ส.ค. 2560,ขายส่ง,ลูกไก่ไข่,บาท/ตัว,16,17,16.5
11 ส.ค. 2560,ขายส่ง,ลูกไก่ไข่,บาท/ตัว,16,17,16.5
15 ส.ค. 2560,ขายส่ง,ลูกไก่ไข่,บาท/ตัว,16,17,16.5
16 ส.ค. 2560,ขายส่ง,ลูกไก่ไข่,บาท/ตัว,16,17,16.5
17 ส.ค. 2560,ขายส่ง,ลูกไก่ไข่,บาท/ตัว,16,17,16.5
18 ส.ค. 2560,ขายส่ง,ลูกไก่ไข่,บาท/ตัว,16,17,16.5
21 ส.ค. 2560,ขายส่ง,ลูกไก่ไข่,บาท/ตัว,18,19,18.5
22 ส.ค. 2560,ขายส่ง,ลูกไก่ไข่,บาท/ตัว,18,19,18.5
23 ส.ค. 2560,ขายส่ง,ลูกไก่ไข่,บาท/ตัว,18,19,18.5
24 ส.ค. 2560,ขายส่ง,ลูกไก่ไข่,บาท/ตัว,18,19,18.5
25 ส.ค. 2560,ขายส่ง,ลูกไก่ไข่,บาท/ตัว,18,19,18.5
28 ส.ค. 2560,ขายส่ง,ลูกไก่ไข่,บาท/ตัว,18,19,18.5
29 ส.ค. 2560,ขายส่ง,ลูกไก่ไข่,บาท/ตัว,18,19,18.5
30 ส.ค. 2560,ขายส่ง,ลูกไก่ไข่,บาท/ตัว,18,19,18.5
31 ส.ค. 2560,ขายส่ง,ลูกไก่ไข่,บาท/ตัว,18,19,18.5
1 ก.ย. 2560,ขายส่ง,ลูกไก่ไข่,บาท/ตัว,18,19,18.5
4 ก.ย. 2560,ขายส่ง,ลูกไก่ไข่,บาท/ตัว,18,19,18.5
5 ก.ย. 2560,ขายส่ง,ลูกไก่ไข่,บาท/ตัว,18,19,18.5
6 ก.ย. 2560,ขายส่ง,ลูกไก่ไข่,บาท/ตัว,18,19,18.5
7 ก.ย. 2560,ขายส่ง,ลูกไก่ไข่,บาท/ตัว,18,19,18.5
8 ก.ย. 2560,ขายส่ง,ลูกไก่ไข่,บาท/ตัว,18,19,18.5
11 ก.ย. 2560,ขายส่ง,ลูกไก่ไข่,บาท/ตัว,18,19,18.5
12 ก.ย. 2560,ขายส่ง,ลูกไก่ไข่,บาท/ตัว,18,19,18.5
13 ก.ย. 2560,ขายส่ง,ลูกไก่ไข่,บาท/ตัว,18,19,18.5
14 ก.ย. 2560,ขายส่ง,ลูกไก่ไข่,บาท/ตัว,18,19,18.5
15 ก.ย. 2560,ขายส่ง,ลูกไก่ไข่,บาท/ตัว,18,19,18.5
18 ก.ย. 2560,ขายส่ง,ลูกไก่ไข่,บาท/ตัว,18,19,18.5
19 ก.ย. 2560,ขายส่ง,ลูกไก่ไข่,บาท/ตัว,18,19,18.5
20 ก.ย. 2560,ขายส่ง,ลูกไก่ไข่,บาท/ตัว,18,19,18.5
21 ก.ย. 2560,ขายส่ง,ลูกไก่ไข่,บาท/ตัว,18,19,18.5
22 ก.ย. 2560,ขายส่ง,ลูกไก่ไข่,บาท/ตัว,18,19,18.5
25 ก.ย. 2560,ขายส่ง,ลูกไก่ไข่,บาท/ตัว,18,19,18.5
26 ก.ย. 2560,ขายส่ง,ลูกไก่ไข่,บาท/ตัว,18,19,18.5
27 ก.ย. 2560,ขายส่ง,ลูกไก่ไข่,บาท/ตัว,18,19,18.5
28 ก.ย. 2560,ขายส่ง,ลูกไก่ไข่,บาท/ตัว,18,19,18.5
29 ก.ย. 2560,ขายส่ง,ลูกไก่ไข่,บาท/ตัว,18,19,18.5
2 ต.ค. 2560,ขายส่ง,ลูกไก่ไข่,บาท/ตัว,16,17,16.5
3 ต.ค. 2560,ขายส่ง,ลูกไก่ไข่,บาท/ตัว,16,17,16.5
4 ต.ค. 2560,ขายส่ง,ลูกไก่ไข่,บาท/ตัว,16,17,16.5
5 ต.ค. 2560,ขายส่ง,ลูกไก่ไข่,บาท/ตัว,16,17,16.5
6 ต.ค. 2560,ขายส่ง,ลูกไก่ไข่,บาท/ตัว,16,17,16.5
9 ต.ค. 2560,ขายส่ง,ลูกไก่ไข่,บาท/ตัว,14,15,14.5
10 ต.ค. 2560,ขายส่ง,ลูกไก่ไข่,บาท/ตัว,14,15,14.5
11 ต.ค. 2560,ขายส่ง,ลูกไก่ไข่,บาท/ตัว,14,15,14.5
12 ต.ค. 2560,ขายส่ง,ลูกไก่ไข่,บาท/ตัว,14,15,14.5
16 ต.ค. 2560,ขายส่ง,ลูกไก่ไข่,บาท/ตัว,14,15,14.5
17 ต.ค. 2560,ขายส่ง,ลูกไก่ไข่,บาท/ตัว,14,15,14.5
18 ต.ค. 2560,ขายส่ง,ลูกไก่ไข่,บาท/ตัว,14,15,14.5
19 ต.ค. 2560,ขายส่ง,ลูกไก่ไข่,บาท/ตัว,14,15,14.5
20 ต.ค. 2560,ขายส่ง,ลูกไก่ไข่,บาท/ตัว,14,15,14.5
24 ต.ค. 2560,ขายส่ง,ลูกไก่ไข่,บาท/ตัว,10,11,10.5
25 ต.ค. 2560,ขายส่ง,ลูกไก่ไข่,บาท/ตัว,10,11,10.5
27 ต.ค. 2560,ขายส่ง,ลูกไก่ไข่,บาท/ตัว,10,11,10.5
30 ต.ค. 2560,ขายส่ง,ลูกไก่ไข่,บาท/ตัว,10,11,10.5
31 ต.ค. 2560,ขายส่ง,ลูกไก่ไข่,บาท/ตัว,10,11,10.5
1 พ.ย. 2560,ขายส่ง,ลูกไก่ไข่,บาท/ตัว,10,11,10.5
2 พ.ย. 2560,ขายส่ง,ลูกไก่ไข่,บาท/ตัว,10,11,10.5
3 พ.ย. 2560,ขายส่ง,ลูกไก่ไข่,บาท/ตัว,10,11,10.5
6 พ.ย. 2560,ขายส่ง,ลูกไก่ไข่,บาท/ตัว,10,11,10.5
7 พ.ย. 2560,ขายส่ง,ลูกไก่ไข่,บาท/ตัว,10,11,10.5
8 พ.ย. 2560,ขายส่ง,ลูกไก่ไข่,บาท/ตัว,10,11,10.5
9 พ.ย. 2560,ขายส่ง,ลูกไก่ไข่,บาท/ตัว,10,11,10.5
10 พ.ย. 2560,ขายส่ง,ลูกไก่ไข่,บาท/ตัว,10,11,10.5
13 พ.ย. 2560,ขายส่ง,ลูกไก่ไข่,บาท/ตัว,10,11,10.5
14 พ.ย. 2560,ขายส่ง,ลูกไก่ไข่,บาท/ตัว,10,11,10.5
15 พ.ย. 2560,ขายส่ง,ลูกไก่ไข่,บาท/ตัว,10,11,10.5
16 พ.ย. 2560,ขายส่ง,ลูกไก่ไข่,บาท/ตัว,10,11,10.5
17 พ.ย. 2560,ขายส่ง,ลูกไก่ไข่,บาท/ตัว,10,11,10.5
20 พ.ย. 2560,ขายส่ง,ลูกไก่ไข่,บาท/ตัว,12,13,12.5
21 พ.ย. 2560,ขายส่ง,ลูกไก่ไข่,บาท/ตัว,12,13,12.5
22 พ.ย. 2560,ขายส่ง,ลูกไก่ไข่,บาท/ตัว,12,13,12.5
23 พ.ย. 2560,ขายส่ง,ลูกไก่ไข่,บาท/ตัว,12,13,12.5
24 พ.ย. 2560,ขายส่ง,ลูกไก่ไข่,บาท/ตัว,12,13,12.5
27 พ.ย. 2560,ขายส่ง,ลูกไก่ไข่,บาท/ตัว,12,13,12.5
28 พ.ย. 2560,ขายส่ง,ลูกไก่ไข่,บาท/ตัว,12,13,12.5
29 พ.ย. 2560,ขายส่ง,ลูกไก่ไข่,บาท/ตัว,12,13,12.5
30 พ.ย. 2560,ขายส่ง,ลูกไก่ไข่,บาท/ตัว,12,13,12.5
1 ธ.ค. 2560,ขายส่ง,ลูกไก่ไข่,บาท/ตัว,12,13,12.5
4 ธ.ค. 2560,ขายส่ง,ลูกไก่ไข่,บาท/ตัว,12,13,12.5
6 ธ.ค. 2560,ขายส่ง,ลูกไก่ไข่,บาท/ตัว,12,13,12.5
7 ธ.ค. 2560,ขายส่ง,ลูกไก่ไข่,บาท/ตัว,12,13,12.5
8 ธ.ค. 2560,ขายส่ง,ลูกไก่ไข่,บาท/ตัว,12,13,12.5
12 ธ.ค. 2560,ขายส่ง,ลูกไก่ไข่,บาท/ตัว,12,13,12.5
13 ธ.ค. 2560,ขายส่ง,ลูกไก่ไข่,บาท/ตัว,12,13,12.5
14 ธ.ค. 2560,ขายส่ง,ลูกไก่ไข่,บาท/ตัว,12,13,12.5
15 ธ.ค. 2560,ขายส่ง,ลูกไก่ไข่,บาท/ตัว,12,13,12.5
18 ธ.ค. 2560,ขายส่ง,ลูกไก่ไข่,บาท/ตัว,12,13,12.5
19 ธ.ค. 2560,ขายส่ง,ลูกไก่ไข่,บาท/ตัว,12,13,12.5
20 ธ.ค. 2560,ขายส่ง,ลูกไก่ไข่,บาท/ตัว,12,13,12.5
21 ธ.ค. 2560,ขายส่ง,ลูกไก่ไข่,บาท/ตัว,12,13,12.5
22 ธ.ค. 2560,ขายส่ง,ลูกไก่ไข่,บาท/ตัว,12,13,12.5
25 ธ.ค. 2560,ขายส่ง,ลูกไก่ไข่,บาท/ตัว,9,10,9.5
26 ธ.ค. 2560,ขายส่ง,ลูกไก่ไข่,บาท/ตัว,9,10,9.5
27 ธ.ค. 2560,ขายส่ง,ลูกไก่ไข่,บาท/ตัว,9,10,9.5
28 ธ.ค. 2560,ขายส่ง,ลูกไก่ไข่,บาท/ตัว,9,10,9.5
29 ธ.ค. 2560,ขายส่ง,ลูกไก่ไข่,บาท/ตัว,9,10,9.5
3 ม.ค. 2561,ขายส่ง,ลูกไก่ไข่,บาท/ตัว,9,10,9.5
4 ม.ค. 2561,ขายส่ง,ลูกไก่ไข่,บาท/ตัว,9,10,9.5
5 ม.ค. 2561,ขายส่ง,ลูกไก่ไข่,บาท/ตัว,9,10,9.5
8 ม.ค. 2561,ขายส่ง,ลูกไก่ไข่,บาท/ตัว,9,10,9.5
9 ม.ค. 2561,ขายส่ง,ลูกไก่ไข่,บาท/ตัว,9,10,9.5
10 ม.ค. 2561,ขายส่ง,ลูกไก่ไข่,บาท/ตัว,9,10,9.5
11 ม.ค. 2561,ขายส่ง,ลูกไก่ไข่,บาท/ตัว,9,10,9.5
12 ม.ค. 2561,ขายส่ง,ลูกไก่ไข่,บาท/ตัว,9,10,9.5
15 ม.ค. 2561,ขายส่ง,ลูกไก่ไข่,บาท/ตัว,9,10,9.5
16 ม.ค. 2561,ขายส่ง,ลูกไก่ไข่,บาท/ตัว,9,10,9.5
17 ม.ค. 2561,ขายส่ง,ลูกไก่ไข่,บาท/ตัว,9,10,9.5
18 ม.ค. 2561,ขายส่ง,ลูกไก่ไข่,บาท/ตัว,9,10,9.5
19 ม.ค. 2561,ขายส่ง,ลูกไก่ไข่,บาท/ตัว,9,10,9.5
22 ม.ค. 2561,ขายส่ง,ลูกไก่ไข่,บาท/ตัว,9,10,9.5
23 ม.ค. 2561,ขายส่ง,ลูกไก่ไข่,บาท/ตัว,9,10,9.5
24 ม.ค. 2561,ขายส่ง,ลูกไก่ไข่,บาท/ตัว,9,10,9.5
25 ม.ค. 2561,ขายส่ง,ลูกไก่ไข่,บาท/ตัว,9,10,9.5
26 ม.ค. 2561,ขายส่ง,ลูกไก่ไข่,บาท/ตัว,9,10,9.5
29 ม.ค. 2561,ขายส่ง,ลูกไก่ไข่,บาท/ตัว,9,10,9.5
30 ม.ค. 2561,ขายส่ง,ลูกไก่ไข่,บาท/ตัว,9,10,9.5
31 ม.ค. 2561,ขายส่ง,ลูกไก่ไข่,บาท/ตัว,9,10,9.5
1 ก.พ. 2561,ขายส่ง,ลูกไก่ไข่,บาท/ตัว,9,10,9.5
2 ก.พ. 2561,ขายส่ง,ลูกไก่ไข่,บาท/ตัว,9,10,9.5
5 ก.พ. 2561,ขายส่ง,ลูกไก่ไข่,บาท/ตัว,9,10,9.5
6 ก.พ. 2561,ขายส่ง,ลูกไก่ไข่,บาท/ตัว,9,10,9.5
7 ก.พ. 2561,ขายส่ง,ลูกไก่ไข่,บาท/ตัว,9,10,9.5
8 ก.พ. 2561,ขายส่ง,ลูกไก่ไข่,บาท/ตัว,9,10,9.5
9 ก.พ. 2561,ขายส่ง,ลูกไก่ไข่,บาท/ตัว,9,10,9.5
12 ก.พ. 2561,ขายส่ง,ลูกไก่ไข่,บาท/ตัว,9,10,9.5
13 ก.พ. 2561,ขายส่ง,ลูกไก่ไข่,บาท/ตัว,9,10,9.5
14 ก.พ. 2561,ขายส่ง,ลูกไก่ไข่,บาท/ตัว,9,10,9.5
15 ก.พ. 2561,ขายส่ง,ลูกไก่ไข่,บาท/ตัว,9,10,9.5
16 ก.พ. 2561,ขายส่ง,ลูกไก่ไข่,บาท/ตัว,9,10,9.5
19 ก.พ. 2561,ขายส่ง,ลูกไก่ไข่,บาท/ตัว,9,10,9.5
20 ก.พ. 2561,ขายส่ง,ลูกไก่ไข่,บาท/ตัว,9,10,9.5
21 ก.พ. 2561,ขายส่ง,ลูกไก่ไข่,บาท/ตัว,9,10,9.5
22 ก.พ. 2561,ขายส่ง,ลูกไก่ไข่,บาท/ตัว,9,10,9.5
23 ก.พ. 2561,ขายส่ง,ลูกไก่ไข่,บาท/ตัว,9,10,9.5
26 ก.พ. 2561,ขายส่ง,ลูกไก่ไข่,บาท/ตัว,9,10,9.5
27 ก.พ. 2561,ขายส่ง,ลูกไก่ไข่,บาท/ตัว,9,10,9.5
28 ก.พ. 2561,ขายส่ง,ลูกไก่ไข่,บาท/ตัว,9,10,9.5
2 มี.ค. 2561,ขายส่ง,ลูกไก่ไข่,บาท/ตัว,9,10,9.5
5 มี.ค. 2561,ขายส่ง,ลูกไก่ไข่,บาท/ตัว,9,10,9.5
6 มี.ค. 2561,ขายส่ง,ลูกไก่ไข่,บาท/ตัว,9,10,9.5
7 มี.ค. 2561,ขายส่ง,ลูกไก่ไข่,บาท/ตัว,9,10,9.5
8 มี.ค. 2561,ขายส่ง,ลูกไก่ไข่,บาท/ตัว,9,10,9.5
9 มี.ค. 2561,ขายส่ง,ลูกไก่ไข่,บาท/ตัว,9,10,9.5
12 มี.ค. 2561,ขายส่ง,ลูกไก่ไข่,บาท/ตัว,9,10,9.5
13 มี.ค. 2561,ขายส่ง,ลูกไก่ไข่,บาท/ตัว,9,10,9.5
14 มี.ค. 2561,ขายส่ง,ลูกไก่ไข่,บาท/ตัว,9,10,9.5
15 มี.ค. 2561,ขายส่ง,ลูกไก่ไข่,บาท/ตัว,9,10,9.5
16 มี.ค. 2561,ขายส่ง,ลูกไก่ไข่,บาท/ตัว,9,10,9.5
19 มี.ค. 2561,ขายส่ง,ลูกไก่ไข่,บาท/ตัว,9,10,9.5
20 มี.ค. 2561,ขายส่ง,ลูกไก่ไข่,บาท/ตัว,9,10,9.5
21 มี.ค. 2561,ขายส่ง,ลูกไก่ไข่,บาท/ตัว,9,10,9.5
22 มี.ค. 2561,ขายส่ง,ลูกไก่ไข่,บาท/ตัว,9,10,9.5
23 มี.ค. 2561,ขายส่ง,ลูกไก่ไข่,บาท/ตัว,9,10,9.5
26 มี.ค. 2561,ขายส่ง,ลูกไก่ไข่,บาท/ตัว,9,10,9.5
27 มี.ค. 2561,ขายส่ง,ลูกไก่ไข่,บาท/ตัว,9,10,9.5
28 มี.ค. 2561,ขายส่ง,ลูกไก่ไข่,บาท/ตัว,9,10,9.5
29 มี.ค. 2561,ขายส่ง,ลูกไก่ไข่,บาท/ตัว,9,10,9.5
30 มี.ค. 2561,ขายส่ง,ลูกไก่ไข่,บาท/ตัว,9,10,9.5
2 เม.ย. 2561,ขายส่ง,ลูกไก่ไข่,บาท/ตัว,9,10,9.5
3 เม.ย. 2561,ขายส่ง,ลูกไก่ไข่,บาท/ตัว,9,10,9.5
4 เม.ย. 2561,ขายส่ง,ลูกไก่ไข่,บาท/ตัว,9,10,9.5
5 เม.ย. 2561,ขายส่ง,ลูกไก่ไข่,บาท/ตัว,9,10,9.5
9 เม.ย. 2561,ขายส่ง,ลูกไก่ไข่,บาท/ตัว,9,10,9.5
10 เม.ย. 2561,ขายส่ง,ลูกไก่ไข่,บาท/ตัว,9,10,9.5
11 เม.ย. 2561,ขายส่ง,ลูกไก่ไข่,บาท/ตัว,9,10,9.5
17 เม.ย. 2561,ขายส่ง,ลูกไก่ไข่,บาท/ตัว,13,14,13.5
18 เม.ย. 2561,ขายส่ง,ลูกไก่ไข่,บาท/ตัว,13,14,13.5
19 เม.ย. 2561,ขายส่ง,ลูกไก่ไข่,บาท/ตัว,13,14,13.5
20 เม.ย. 2561,ขายส่ง,ลูกไก่ไข่,บาท/ตัว,13,14,13.5
23 เม.ย. 2561,ขายส่ง,ลูกไก่ไข่,บาท/ตัว,13,14,13.5
24 เม.ย. 2561,ขายส่ง,ลูกไก่ไข่,บาท/ตัว,13,14,13.5
25 เม.ย. 2561,ขายส่ง,ลูกไก่ไข่,บาท/ตัว,13,14,13.5
26 เม.ย. 2561,ขายส่ง,ลูกไก่ไข่,บาท/ตัว,13,14,13.5
27 เม.ย. 2561,ขายส่ง,ลูกไก่ไข่,บาท/ตัว,13,14,13.5
30 เม.ย. 2561,ขายส่ง,ลูกไก่ไข่,บาท/ตัว,17,18,17.5
1 พ.ค. 2561,ขายส่ง,ลูกไก่ไข่,บาท/ตัว,17,18,17.5
2 พ.ค. 2561,ขายส่ง,ลูกไก่ไข่,บาท/ตัว,17,18,17.5
3 พ.ค. 2561,ขายส่ง,ลูกไก่ไข่,บาท/ตัว,17,18,17.5
4 พ.ค. 2561,ขายส่ง,ลูกไก่ไข่,บาท/ตัว,17,18,17.5
7 พ.ค. 2561,ขายส่ง,ลูกไก่ไข่,บาท/ตัว,17,18,17.5
8 พ.ค. 2561,ขายส่ง,ลูกไก่ไข่,บาท/ตัว,17,18,17.5
9 พ.ค. 2561,ขายส่ง,ลูกไก่ไข่,บาท/ตัว,17,18,17.5
10 พ.ค. 2561,ขายส่ง,ลูกไก่ไข่,บาท/ตัว,17,18,17.5
11 พ.ค. 2561,ขายส่ง,ลูกไก่ไข่,บาท/ตัว,17,18,17.5
15 พ.ค. 2561,ขายส่ง,ลูกไก่ไข่,บาท/ตัว,17,18,17.5
16 พ.ค. 2561,ขายส่ง,ลูกไก่ไข่,บาท/ตัว,17,18,17.5
17 พ.ค. 2561,ขายส่ง,ลูกไก่ไข่,บาท/ตัว,17,18,17.5
18 พ.ค. 2561,ขายส่ง,ลูกไก่ไข่,บาท/ตัว,17,18,17.5
21 พ.ค. 2561,ขายส่ง,ลูกไก่ไข่,บาท/ตัว,17,18,17.5
22 พ.ค. 2561,ขายส่ง,ลูกไก่ไข่,บาท/ตัว,17,18,17.5
23 พ.ค. 2561,ขายส่ง,ลูกไก่ไข่,บาท/ตัว,17,18,17.5
24 พ.ค. 2561,ขายส่ง,ลูกไก่ไข่,บาท/ตัว,17,18,17.5
25 พ.ค. 2561,ขายส่ง,ลูกไก่ไข่,บาท/ตัว,17,18,17.5
28 พ.ค. 2561,ขายส่ง,ลูกไก่ไข่,บาท/ตัว,17,18,17.5
30 พ.ค. 2561,ขายส่ง,ลูกไก่ไข่,บาท/ตัว,17,18,17.5
31 พ.ค. 2561,ขายส่ง,ลูกไก่ไข่,บาท/ตัว,17,18,17.5
1 มิ.ย. 2561,ขายส่ง,ลูกไก่ไข่,บาท/ตัว,17,18,17.5
4 มิ.ย. 2561,ขายส่ง,ลูกไก่ไข่,บาท/ตัว,17,18,17.5
5 มิ.ย. 2561,ขายส่ง,ลูกไก่ไข่,บาท/ตัว,17,18,17.5
6 มิ.ย. 2561,ขายส่ง,ลูกไก่ไข่,บาท/ตัว,17,18,17.5
7 มิ.ย. 2561,ขายส่ง,ลูกไก่ไข่,บาท/ตัว,17,18,17.5
8 มิ.ย. 2561,ขายส่ง,ลูกไก่ไข่,บาท/ตัว,17,18,17.5
11 มิ.ย. 2561,ขายส่ง,ลูกไก่ไข่,บาท/ตัว,17,18,17.5
12 มิ.ย. 2561,ขายส่ง,ลูกไก่ไข่,บาท/ตัว,17,18,17.5
13 มิ.ย. 2561,ขายส่ง,ลูกไก่ไข่,บาท/ตัว,17,18,17.5
14 มิ.ย. 2561,ขายส่ง,ลูกไก่ไข่,บาท/ตัว,17,18,17.5
15 มิ.ย. 2561,ขายส่ง,ลูกไก่ไข่,บาท/ตัว,17,18,17.5
18 มิ.ย. 2561,ขายส่ง,ลูกไก่ไข่,บาท/ตัว,17,18,17.5
19 มิ.ย. 2561,ขายส่ง,ลูกไก่ไข่,บาท/ตัว,17,18,17.5
20 มิ.ย. 2561,ขายส่ง,ลูกไก่ไข่,บาท/ตัว,17,18,17.5
21 มิ.ย. 2561,ขายส่ง,ลูกไก่ไข่,บาท/ตัว,17,18,17.5
22 มิ.ย. 2561,ขายส่ง,ลูกไก่ไข่,บาท/ตัว,17,18,17.5
25 มิ.ย. 2561,ขายส่ง,ลูกไก่ไข่,บาท/ตัว,17,18,17.5
26 มิ.ย. 2561,ขายส่ง,ลูกไก่ไข่,บาท/ตัว,17,18,17.5
27 มิ.ย. 2561,ขายส่ง,ลูกไก่ไข่,บาท/ตัว,17,18,17.5
28 มิ.ย. 2561,ขายส่ง,ลูกไก่ไข่,บาท/ตัว,17,18,17.5
29 มิ.ย. 2561,ขายส่ง,ลูกไก่ไข่,บาท/ตัว,17,18,17.5
2 ก.ค. 2561,ขายส่ง,ลูกไก่ไข่,บาท/ตัว,17,18,17.5
3 ก.ค. 2561,ขายส่ง,ลูกไก่ไข่,บาท/ตัว,17,18,17.5
4 ก.ค. 2561,ขายส่ง,ลูกไก่ไข่,บาท/ตัว,17,18,17.5
5 ก.ค. 2561,ขายส่ง,ลูกไก่ไข่,บาท/ตัว,17,18,17.5
6 ก.ค. 2561,ขายส่ง,ลูกไก่ไข่,บาท/ตัว,17,18,17.5
9 ก.ค. 2561,ขายส่ง,ลูกไก่ไข่,บาท/ตัว,17,18,17.5
10 ก.ค. 2561,ขายส่ง,ลูกไก่ไข่,บาท/ตัว,17,18,17.5
11 ก.ค. 2561,ขายส่ง,ลูกไก่ไข่,บาท/ตัว,17,18,17.5
12 ก.ค. 2561,ขายส่ง,ลูกไก่ไข่,บาท/ตัว,17,18,17.5
13 ก.ค. 2561,ขายส่ง,ลูกไก่ไข่,บาท/ตัว,17,18,17.5
16 ก.ค. 2561,ขายส่ง,ลูกไก่ไข่,บาท/ตัว,17,18,17.5
17 ก.ค. 2561,ขายส่ง,ลูกไก่ไข่,บาท/ตัว,17,18,17.5
18 ก.ค. 2561,ขายส่ง,ลูกไก่ไข่,บาท/ตัว,17,18,17.5
19 ก.ค. 2561,ขายส่ง,ลูกไก่ไข่,บาท/ตัว,17,18,17.5
20 ก.ค. 2561,ขายส่ง,ลูกไก่ไข่,บาท/ตัว,17,18,17.5
23 ก.ค. 2561,ขายส่ง,ลูกไก่ไข่,บาท/ตัว,17,18,17.5
24 ก.ค. 2561,ขายส่ง,ลูกไก่ไข่,บาท/ตัว,17,18,17.5
25 ก.ค. 2561,ขายส่ง,ลูกไก่ไข่,บาท/ตัว,17,18,17.5
26 ก.ค. 2561,ขายส่ง,ลูกไก่ไข่,บาท/ตัว,17,18,17.5
31 ก.ค. 2561,ขายส่ง,ลูกไก่ไข่,บาท/ตัว,17,18,17.5
1 ส.ค. 2561,ขายส่ง,ลูกไก่ไข่,บาท/ตัว,17,18,17.5
2 ส.ค. 2561,ขายส่ง,ลูกไก่ไข่,บาท/ตัว,17,18,17.5
3 ส.ค. 2561,ขายส่ง,ลูกไก่ไข่,บาท/ตัว,17,18,17.5
6 ส.ค. 2561,ขายส่ง,ลูกไก่ไข่,บาท/ตัว,17,18,17.5
7 ส.ค. 2561,ขายส่ง,ลูกไก่ไข่,บาท/ตัว,17,18,17.5
8 ส.ค. 2561,ขายส่ง,ลูกไก่ไข่,บาท/ตัว,17,18,17.5
9 ส.ค. 2561,ขายส่ง,ลูกไก่ไข่,บาท/ตัว,17,18,17.5
10 ส.ค. 2561,ขายส่ง,ลูกไก่ไข่,บาท/ตัว,17,18,17.5
14 ส.ค. 2561,ขายส่ง,ลูกไก่ไข่,บาท/ตัว,17,18,17.5
15 ส.ค. 2561,ขายส่ง,ลูกไก่ไข่,บาท/ตัว,17,18,17.5
16 ส.ค. 2561,ขายส่ง,ลูกไก่ไข่,บาท/ตัว,17,18,17.5
17 ส.ค. 2561,ขายส่ง,ลูกไก่ไข่,บาท/ตัว,17,18,17.5
20 ส.ค. 2561,ขายส่ง,ลูกไก่ไข่,บาท/ตัว,17,18,17.5
21 ส.ค. 2561,ขายส่ง,ลูกไก่ไข่,บาท/ตัว,17,18,17.5
22 ส.ค. 2561,ขายส่ง,ลูกไก่ไข่,บาท/ตัว,17,18,17.5
23 ส.ค. 2561,ขายส่ง,ลูกไก่ไข่,บาท/ตัว,17,18,17.5
24 ส.ค. 2561,ขายส่ง,ลูกไก่ไข่,บาท/ตัว,17,18,17.5
27 ส.ค. 2561,ขายส่ง,ลูกไก่ไข่,บาท/ตัว,17,18,17.5
28 ส.ค. 2561,ขายส่ง,ลูกไก่ไข่,บาท/ตัว,17,18,17.5
29 ส.ค. 2561,ขายส่ง,ลูกไก่ไข่,บาท/ตัว,17,18,17.5
30 ส.ค. 2561,ขายส่ง,ลูกไก่ไข่,บาท/ตัว,17,18,17.5
31 ส.ค. 2561,ขายส่ง,ลูกไก่ไข่,บาท/ตัว,17,18,17.5
3 ก.ย. 2561,ขายส่ง,ลูกไก่ไข่,บาท/ตัว,17,18,17.5
4 ก.ย. 2561,ขายส่ง,ลูกไก่ไข่,บาท/ตัว,17,18,17.5
5 ก.ย. 2561,ขายส่ง,ลูกไก่ไข่,บาท/ตัว,17,18,17.5
6 ก.ย. 2561,ขายส่ง,ลูกไก่ไข่,บาท/ตัว,17,18,17.5
7 ก.ย. 2561,ขายส่ง,ลูกไก่ไข่,บาท/ตัว,17,18,17.5
10 ก.ย. 2561,ขายส่ง,ลูกไก่ไข่,บาท/ตัว,17,18,17.5
11 ก.ย. 2561,ขายส่ง,ลูกไก่ไข่,บาท/ตัว,17,18,17.5
12 ก.ย. 2561,ขายส่ง,ลูกไก่ไข่,บาท/ตัว,17,18,17.5
13 ก.ย. 2561,ขายส่ง,ลูกไก่ไข่,บาท/ตัว,17,18,17.5
14 ก.ย. 2561,ขายส่ง,ลูกไก่ไข่,บาท/ตัว,17,18,17.5
17 ก.ย. 2561,ขายส่ง,ลูกไก่ไข่,บาท/ตัว,17,18,17.5
18 ก.ย. 2561,ขายส่ง,ลูกไก่ไข่,บาท/ตัว,17,18,17.5
19 ก.ย. 2561,ขายส่ง,ลูกไก่ไข่,บาท/ตัว,17,18,17.5
20 ก.ย. 2561,ขายส่ง,ลูกไก่ไข่,บาท/ตัว,17,18,17.5
21 ก.ย. 2561,ขายส่ง,ลูกไก่ไข่,บาท/ตัว,17,18,17.5
24 ก.ย. 2561,ขายส่ง,ลูกไก่ไข่,บาท/ตัว,17,18,17.5
25 ก.ย. 2561,ขายส่ง,ลูกไก่ไข่,บาท/ตัว,17,18,17.5
26 ก.ย. 2561,ขายส่ง,ลูกไก่ไข่,บาท/ตัว,17,18,17.5
27 ก.ย. 2561,ขายส่ง,ลูกไก่ไข่,บาท/ตัว,17,18,17.5
28 ก.ย. 2561,ขายส่ง,ลูกไก่ไข่,บาท/ตัว,17,18,17.5
1 ต.ค. 2561,ขายส่ง,ลูกไก่ไข่,บาท/ตัว,17,18,17.5
2 ต.ค. 2561,ขายส่ง,ลูกไก่ไข่,บาท/ตัว,17,18,17.5
3 ต.ค. 2561,ขายส่ง,ลูกไก่ไข่,บาท/ตัว,17,18,17.5
4 ต.ค. 2561,ขายส่ง,ลูกไก่ไข่,บาท/ตัว,17,18,17.5
5 ต.ค. 2561,ขายส่ง,ลูกไก่ไข่,บาท/ตัว,17,18,17.5
8 ต.ค. 2561,ขายส่ง,ลูกไก่ไข่,บาท/ตัว,14,15,14.5
9 ต.ค. 2561,ขายส่ง,ลูกไก่ไข่,บาท/ตัว,14,15,14.5
10 ต.ค. 2561,ขายส่ง,ลูกไก่ไข่,บาท/ตัว,14,15,14.5
11 ต.ค. 2561,ขายส่ง,ลูกไก่ไข่,บาท/ตัว,14,15,14.5
12 ต.ค. 2561,ขายส่ง,ลูกไก่ไข่,บาท/ตัว,14,15,14.5
16 ต.ค. 2561,ขายส่ง,ลูกไก่ไข่,บาท/ตัว,12,13,12.5
17 ต.ค. 2561,ขายส่ง,ลูกไก่ไข่,บาท/ตัว,12,13,12.5
18 ต.ค. 2561,ขายส่ง,ลูกไก่ไข่,บาท/ตัว,12,13,12.5
19 ต.ค. 2561,ขายส่ง,ลูกไก่ไข่,บาท/ตัว,12,13,12.5
22 ต.ค. 2561,ขายส่ง,ลูกไก่ไข่,บาท/ตัว,10,11,10.5
24 ต.ค. 2561,ขายส่ง,ลูกไก่ไข่,บาท/ตัว,10,11,10.5
25 ต.ค. 2561,ขายส่ง,ลูกไก่ไข่,บาท/ตัว,10,11,10.5
26 ต.ค. 2561,ขายส่ง,ลูกไก่ไข่,บาท/ตัว,10,11,10.5
29 ต.ค. 2561,ขายส่ง,ลูกไก่ไข่,บาท/ตัว,10,11,10.5
30 ต.ค. 2561,ขายส่ง,ลูกไก่ไข่,บาท/ตัว,10,11,10.5
31 ต.ค. 2561,ขายส่ง,ลูกไก่ไข่,บาท/ตัว,10,11,10.5
1 พ.ย. 2561,ขายส่ง,ลูกไก่ไข่,บาท/ตัว,10,11,10.5
2 พ.ย. 2561,ขายส่ง,ลูกไก่ไข่,บาท/ตัว,10,11,10.5
5 พ.ย. 2561,ขายส่ง,ลูกไก่ไข่,บาท/ตัว,10,11,10.5
6 พ.ย. 2561,ขายส่ง,ลูกไก่ไข่,บาท/ตัว,10,11,10.5
7 พ.ย. 2561,ขายส่ง,ลูกไก่ไข่,บาท/ตัว,10,11,10.5
8 พ.ย. 2561,ขายส่ง,ลูกไก่ไข่,บาท/ตัว,10,11,10.5
9 พ.ย. 2561,ขายส่ง,ลูกไก่ไข่,บาท/ตัว,10,11,10.5
12 พ.ย. 2561,ขายส่ง,ลูกไก่ไข่,บาท/ตัว,10,11,10.5
13 พ.ย. 2561,ขายส่ง,ลูกไก่ไข่,บาท/ตัว,10,11,10.5
14 พ.ย. 2561,ขายส่ง,ลูกไก่ไข่,บาท/ตัว,10,11,10.5
15 พ.ย. 2561,ขายส่ง,ลูกไก่ไข่,บาท/ตัว,10,11,10.5
16 พ.ย. 2561,ขายส่ง,ลูกไก่ไข่,บาท/ตัว,10,11,10.5
19 พ.ย. 2561,ขายส่ง,ลูกไก่ไข่,บาท/ตัว,10,11,10.5
20 พ.ย. 2561,ขายส่ง,ลูกไก่ไข่,บาท/ตัว,10,11,10.5
21 พ.ย. 2561,ขายส่ง,ลูกไก่ไข่,บาท/ตัว,10,11,10.5
22 พ.ย. 2561,ขายส่ง,ลูกไก่ไข่,บาท/ตัว,10,11,10.5
23 พ.ย. 2561,ขายส่ง,ลูกไก่ไข่,บาท/ตัว,10,11,10.5
26 พ.ย. 2561,ขายส่ง,ลูกไก่ไข่,บาท/ตัว,10,11,10.5
27 พ.ย. 2561,ขายส่ง,ลูกไก่ไข่,บาท/ตัว,10,11,10.5
28 พ.ย. 2561,ขายส่ง,ลูกไก่ไข่,บาท/ตัว,10,11,10.5
29 พ.ย. 2561,ขายส่ง,ลูกไก่ไข่,บาท/ตัว,10,11,10.5
30 พ.ย. 2561,ขายส่ง,ลูกไก่ไข่,บาท/ตัว,10,11,10.5
3 ธ.ค. 2561,ขายส่ง,ลูกไก่ไข่,บาท/ตัว,10,11,10.5
4 ธ.ค. 2561,ขายส่ง,ลูกไก่ไข่,บาท/ตัว,10,11,10.5
6 ธ.ค. 2561,ขายส่ง,ลูกไก่ไข่,บาท/ตัว,10,11,10.5
7 ธ.ค. 2561,ขายส่ง,ลูกไก่ไข่,บาท/ตัว,10,11,10.5
11 ธ.ค. 2561,ขายส่ง,ลูกไก่ไข่,บาท/ตัว,10,11,10.5
12 ธ.ค. 2561,ขายส่ง,ลูกไก่ไข่,บาท/ตัว,10,11,10.5
13 ธ.ค. 2561,ขายส่ง,ลูกไก่ไข่,บาท/ตัว,10,11,10.5
14 ธ.ค. 2561,ขายส่ง,ลูกไก่ไข่,บาท/ตัว,10,11,10.5
17 ธ.ค. 2561,ขายส่ง,ลูกไก่ไข่,บาท/ตัว,10,11,10.5
18 ธ.ค. 2561,ขายส่ง,ลูกไก่ไข่,บาท/ตัว,10,11,10.5
19 ธ.ค. 2561,ขายส่ง,ลูกไก่ไข่,บาท/ตัว,10,11,10.5
20 ธ.ค. 2561,ขายส่ง,ลูกไก่ไข่,บาท/ตัว,10,11,10.5
21 ธ.ค. 2561,ขายส่ง,ลูกไก่ไข่,บาท/ตัว,10,11,10.5
24 ธ.ค. 2561,ขายส่ง,ลูกไก่ไข่,บาท/ตัว,10,11,10.5
25 ธ.ค. 2561,ขายส่ง,ลูกไก่ไข่,บาท/ตัว,10,11,10.5
26 ธ.ค. 2561,ขายส่ง,ลูกไก่ไข่,บาท/ตัว,10,11,10.5
27 ธ.ค. 2561,ขายส่ง,ลูกไก่ไข่,บาท/ตัว,10,11,10.5
28 ธ.ค. 2561,ขายส่ง,ลูกไก่ไข่,บาท/ตัว,10,11,10.5
2 ม.ค. 2562,ขายส่ง,ลูกไก่ไข่,บาท/ตัว,10,11,10.5
3 ม.ค. 2562,ขายส่ง,ลูกไก่ไข่,บาท/ตัว,10,11,10.5
4 ม.ค. 2562,ขายส่ง,ลูกไก่ไข่,บาท/ตัว,10,11,10.5
7 ม.ค. 2562,ขายส่ง,ลูกไก่ไข่,บาท/ตัว,10,11,10.5
8 ม.ค. 2562,ขายส่ง,ลูกไก่ไข่,บาท/ตัว,10,11,10.5
9 ม.ค. 2562,ขายส่ง,ลูกไก่ไข่,บาท/ตัว,10,11,10.5
10 ม.ค. 2562,ขายส่ง,ลูกไก่ไข่,บาท/ตัว,10,11,10.5
11 ม.ค. 2562,ขายส่ง,ลูกไก่ไข่,บาท/ตัว,10,11,10.5
14 ม.ค. 2562,ขายส่ง,ลูกไก่ไข่,บาท/ตัว,10,11,10.5
15 ม.ค. 2562,ขายส่ง,ลูกไก่ไข่,บาท/ตัว,10,11,10.5
16 ม.ค. 2562,ขายส่ง,ลูกไก่ไข่,บาท/ตัว,10,11,10.5
17 ม.ค. 2562,ขายส่ง,ลูกไก่ไข่,บาท/ตัว,10,11,10.5
18 ม.ค. 2562,ขายส่ง,ลูกไก่ไข่,บาท/ตัว,10,11,10.5
21 ม.ค. 2562,ขายส่ง,ลูกไก่ไข่,บาท/ตัว,14,15,14.5
22 ม.ค. 2562,ขายส่ง,ลูกไก่ไข่,บาท/ตัว,14,15,14.5
23 ม.ค. 2562,ขายส่ง,ลูกไก่ไข่,บาท/ตัว,14,15,14.5
24 ม.ค. 2562,ขายส่ง,ลูกไก่ไข่,บาท/ตัว,14,15,14.5
25 ม.ค. 2562,ขายส่ง,ลูกไก่ไข่,บาท/ตัว,14,15,14.5
28 ม.ค. 2562,ขายส่ง,ลูกไก่ไข่,บาท/ตัว,14,15,14.5
29 ม.ค. 2562,ขายส่ง,ลูกไก่ไข่,บาท/ตัว,14,15,14.5
30 ม.ค. 2562,ขายส่ง,ลูกไก่ไข่,บาท/ตัว,14,15,14.5
31 ม.ค. 2562,ขายส่ง,ลูกไก่ไข่,บาท/ตัว,14,15,14.5
1 ก.พ. 2562,ขายส่ง,ลูกไก่ไข่,บาท/ตัว,14,15,14.5
4 ก.พ. 2562,ขายส่ง,ลูกไก่ไข่,บาท/ตัว,14,15,14.5
5 ก.พ. 2562,ขายส่ง,ลูกไก่ไข่,บาท/ตัว,14,15,14.5
6 ก.พ. 2562,ขายส่ง,ลูกไก่ไข่,บาท/ตัว,14,15,14.5
7 ก.พ. 2562,ขายส่ง,ลูกไก่ไข่,บาท/ตัว,14,15,14.5
8 ก.พ. 2562,ขายส่ง,ลูกไก่ไข่,บาท/ตัว,14,15,14.5
11 ก.พ. 2562,ขายส่ง,ลูกไก่ไข่,บาท/ตัว,14,15,14.5
12 ก.พ. 2562,ขายส่ง,ลูกไก่ไข่,บาท/ตัว,14,15,14.5
13 ก.พ. 2562,ขายส่ง,ลูกไก่ไข่,บาท/ตัว,14,15,14.5
14 ก.พ. 2562,ขายส่ง,ลูกไก่ไข่,บาท/ตัว,14,15,14.5
15 ก.พ. 2562,ขายส่ง,ลูกไก่ไข่,บาท/ตัว,14,15,14.5
18 ก.พ. 2562,ขายส่ง,ลูกไก่ไข่,บาท/ตัว,14,15,14.5
20 ก.พ. 2562,ขายส่ง,ลูกไก่ไข่,บาท/ตัว,14,15,14.5
21 ก.พ. 2562,ขายส่ง,ลูกไก่ไข่,บาท/ตัว,14,15,14.5
22 ก.พ. 2562,ขายส่ง,ลูกไก่ไข่,บาท/ตัว,14,15,14.5
25 ก.พ. 2562,ขายส่ง,ลูกไก่ไข่,บาท/ตัว,9,10,9.5
26 ก.พ. 2562,ขายส่ง,ลูกไก่ไข่,บาท/ตัว,9,10,9.5
27 ก.พ. 2562,ขายส่ง,ลูกไก่ไข่,บาท/ตัว,9,10,9.5
28 ก.พ. 2562,ขายส่ง,ลูกไก่ไข่,บาท/ตัว,9,10,9.5
1 มี.ค. 2562,ขายส่ง,ลูกไก่ไข่,บาท/ตัว,9,10,9.5
4 มี.ค. 2562,ขายส่ง,ลูกไก่ไข่,บาท/ตัว,9,10,9.5
5 มี.ค. 2562,ขายส่ง,ลูกไก่ไข่,บาท/ตัว,9,10,9.5
6 มี.ค. 2562,ขายส่ง,ลูกไก่ไข่,บาท/ตัว,9,10,9.5
7 มี.ค. 2562,ขายส่ง,ลูกไก่ไข่,บาท/ตัว,9,10,9.5
8 มี.ค. 2562,ขายส่ง,ลูกไก่ไข่,บาท/ตัว,9,10,9.5
11 มี.ค. 2562,ขายส่ง,ลูกไก่ไข่,บาท/ตัว,9,10,9.5
12 มี.ค. 2562,ขายส่ง,ลูกไก่ไข่,บาท/ตัว,9,10,9.5
13 มี.ค. 2562,ขายส่ง,ลูกไก่ไข่,บาท/ตัว,9,10,9.5
14 มี.ค. 2562,ขายส่ง,ลูกไก่ไข่,บาท/ตัว,9,10,9.5
15 มี.ค. 2562,ขายส่ง,ลูกไก่ไข่,บาท/ตัว,9,10,9.5
18 มี.ค. 2562,ขายส่ง,ลูกไก่ไข่,บาท/ตัว,9,10,9.5
19 มี.ค. 2562,ขายส่ง,ลูกไก่ไข่,บาท/ตัว,9,10,9.5
20 มี.ค. 2562,ขายส่ง,ลูกไก่ไข่,บาท/ตัว,9,10,9.5
21 มี.ค. 2562,ขายส่ง,ลูกไก่ไข่,บาท/ตัว,9,10,9.5
22 มี.ค. 2562,ขายส่ง,ลูกไก่ไข่,บาท/ตัว,9,10,9.5
25 มี.ค. 2562,ขายส่ง,ลูกไก่ไข่,บาท/ตัว,9,10,9.5
26 มี.ค. 2562,ขายส่ง,ลูกไก่ไข่,บาท/ตัว,9,10,9.5
27 มี.ค. 2562,ขายส่ง,ลูกไก่ไข่,บาท/ตัว,9,10,9.5
28 มี.ค. 2562,ขายส่ง,ลูกไก่ไข่,บาท/ตัว,9,10,9.5
29 มี.ค. 2562,ขายส่ง,ลูกไก่ไข่,บาท/ตัว,9,10,9.5
1 เม.ย. 2562,ขายส่ง,ลูกไก่ไข่,บาท/ตัว,9,10,9.5
2 เม.ย. 2562,ขายส่ง,ลูกไก่ไข่,บาท/ตัว,9,10,9.5
3 เม.ย. 2562,ขายส่ง,ลูกไก่ไข่,บาท/ตัว,9,10,9.5
4 เม.ย. 2562,ขายส่ง,ลูกไก่ไข่,บาท/ตัว,9,10,9.5
5 เม.ย. 2562,ขายส่ง,ลูกไก่ไข่,บาท/ตัว,9,10,9.5
9 เม.ย. 2562,ขายส่ง,ลูกไก่ไข่,บาท/ตัว,9,10,9.5
10 เม.ย. 2562,ขายส่ง,ลูกไก่ไข่,บาท/ตัว,9,10,9.5
11 เม.ย. 2562,ขายส่ง,ลูกไก่ไข่,บาท/ตัว,9,10,9.5
17 เม.ย. 2562,ขายส่ง,ลูกไก่ไข่,บาท/ตัว,9,10,9.5
18 เม.ย. 2562,ขายส่ง,ลูกไก่ไข่,บาท/ตัว,9,10,9.5
19 เม.ย. 2562,ขายส่ง,ลูกไก่ไข่,บาท/ตัว,9,10,9.5
22 เม.ย. 2562,ขายส่ง,ลูกไก่ไข่,บาท/ตัว,14,15,14.5
23 เม.ย. 2562,ขายส่ง,ลูกไก่ไข่,บาท/ตัว,14,15,14.5
24 เม.ย. 2562,ขายส่ง,ลูกไก่ไข่,บาท/ตัว,14,15,14.5
25 เม.ย. 2562,ขายส่ง,ลูกไก่ไข่,บาท/ตัว,14,15,14.5
26 เม.ย. 2562,ขายส่ง,ลูกไก่ไข่,บาท/ตัว,14,15,14.5
29 เม.ย. 2562,ขายส่ง,ลูกไก่ไข่,บาท/ตัว,17,18,17.5
30 เม.ย. 2562,ขายส่ง,ลูกไก่ไข่,บาท/ตัว,17,18,17.5
1 พ.ค. 2562,ขายส่ง,ลูกไก่ไข่,บาท/ตัว,17,18,17.5
2 พ.ค. 2562,ขายส่ง,ลูกไก่ไข่,บาท/ตัว,17,18,17.5
3 พ.ค. 2562,ขายส่ง,ลูกไก่ไข่,บาท/ตัว,17,18,17.5
7 พ.ค. 2562,ขายส่ง,ลูกไก่ไข่,บาท/ตัว,21,22,21.5
8 พ.ค. 2562,ขายส่ง,ลูกไก่ไข่,บาท/ตัว,21,22,21.5
10 พ.ค. 2562,ขายส่ง,ลูกไก่ไข่,บาท/ตัว,21,22,21.5
13 พ.ค. 2562,ขายส่ง,ลูกไก่ไข่,บาท/ตัว,21,22,21.5
14 พ.ค. 2562,ขายส่ง,ลูกไก่ไข่,บาท/ตัว,21,22,21.5
15 พ.ค. 2562,ขายส่ง,ลูกไก่ไข่,บาท/ตัว,21,22,21.5
16 พ.ค. 2562,ขายส่ง,ลูกไก่ไข่,บาท/ตัว,21,22,21.5
17 พ.ค. 2562,ขายส่ง,ลูกไก่ไข่,บาท/ตัว,21,22,21.5
21 พ.ค. 2562,ขายส่ง,ลูกไก่ไข่,บาท/ตัว,21,22,21.5
22 พ.ค. 2562,ขายส่ง,ลูกไก่ไข่,บาท/ตัว,21,22,21.5
23 พ.ค. 2562,ขายส่ง,ลูกไก่ไข่,บาท/ตัว,21,22,21.5
24 พ.ค. 2562,ขายส่ง,ลูกไก่ไข่,บาท/ตัว,21,22,21.5
27 พ.ค. 2562,ขายส่ง,ลูกไก่ไข่,บาท/ตัว,21,22,21.5
28 พ.ค. 2562,ขายส่ง,ลูกไก่ไข่,บาท/ตัว,21,22,21.5
29 พ.ค. 2562,ขายส่ง,ลูกไก่ไข่,บาท/ตัว,21,22,21.5
30 พ.ค. 2562,ขายส่ง,ลูกไก่ไข่,บาท/ตัว,21,22,21.5
31 พ.ค. 2562,ขายส่ง,ลูกไก่ไข่,บาท/ตัว,21,22,21.5
4 มิ.ย. 2562,ขายส่ง,ลูกไก่ไข่,บาท/ตัว,24,25,24.5
5 มิ.ย. 2562,ขายส่ง,ลูกไก่ไข่,บาท/ตัว,24,25,24.5
6 มิ.ย. 2562,ขายส่ง,ลูกไก่ไข่,บาท/ตัว,24,25,24.5
7 มิ.ย. 2562,ขายส่ง,ลูกไก่ไข่,บาท/ตัว,24,25,24.5
10 มิ.ย. 2562,ขายส่ง,ลูกไก่ไข่,บาท/ตัว,24,25,24.5
11 มิ.ย. 2562,ขายส่ง,ลูกไก่ไข่,บาท/ตัว,24,25,24.5
12 มิ.ย. 2562,ขายส่ง,ลูกไก่ไข่,บาท/ตัว,24,25,24.5
13 มิ.ย. 2562,ขายส่ง,ลูกไก่ไข่,บาท/ตัว,24,25,24.5
14 มิ.ย. 2562,ขายส่ง,ลูกไก่ไข่,บาท/ตัว,24,25,24.5
17 มิ.ย. 2562,ขายส่ง,ลูกไก่ไข่,บาท/ตัว,24,25,24.5
18 มิ.ย. 2562,ขายส่ง,ลูกไก่ไข่,บาท/ตัว,24,25,24.5
19 มิ.ย. 2562,ขายส่ง,ลูกไก่ไข่,บาท/ตัว,24,25,24.5
20 มิ.ย. 2562,ขายส่ง,ลูกไก่ไข่,บาท/ตัว,24,25,24.5
21 มิ.ย. 2562,ขายส่ง,ลูกไก่ไข่,บาท/ตัว,24,25,24.5
24 มิ.ย. 2562,ขายส่ง,ลูกไก่ไข่,บาท/ตัว,24,25,24.5
25 มิ.ย. 2562,ขายส่ง,ลูกไก่ไข่,บาท/ตัว,24,25,24.5
26 มิ.ย. 2562,ขายส่ง,ลูกไก่ไข่,บาท/ตัว,24,25,24.5
27 มิ.ย. 2562,ขายส่ง,ลูกไก่ไข่,บาท/ตัว,24,25,24.5
28 มิ.ย. 2562,ขายส่ง,ลูกไก่ไข่,บาท/ตัว,24,25,24.5
1 ก.ค. 2562,ขายส่ง,ลูกไก่ไข่,บาท/ตัว,24,25,24.5
2 ก.ค. 2562,ขายส่ง,ลูกไก่ไข่,บาท/ตัว,24,25,24.5
3 ก.ค. 2562,ขายส่ง,ลูกไก่ไข่,บาท/ตัว,24,25,24.5
4 ก.ค. 2562,ขายส่ง,ลูกไก่ไข่,บาท/ตัว,24,25,24.5
5 ก.ค. 2562,ขายส่ง,ลูกไก่ไข่,บาท/ตัว,24,25,24.5
8 ก.ค. 2562,ขายส่ง,ลูกไก่ไข่,บาท/ตัว,24,25,24.5
9 ก.ค. 2562,ขายส่ง,ลูกไก่ไข่,บาท/ตัว,24,25,24.5
10 ก.ค. 2562,ขายส่ง,ลูกไก่ไข่,บาท/ตัว,24,25,24.5
11 ก.ค. 2562,ขายส่ง,ลูกไก่ไข่,บาท/ตัว,24,25,24.5
12 ก.ค. 2562,ขายส่ง,ลูกไก่ไข่,บาท/ตัว,24,25,24.5
15 ก.ค. 2562,ขายส่ง,ลูกไก่ไข่,บาท/ตัว,24,25,24.5
18 ก.ค. 2562,ขายส่ง,ลูกไก่ไข่,บาท/ตัว,24,25,24.5
19 ก.ค. 2562,ขายส่ง,ลูกไก่ไข่,บาท/ตัว,24,25,24.5
22 ก.ค. 2562,ขายส่ง,ลูกไก่ไข่,บาท/ตัว,27,28,27.5
23 ก.ค. 2562,ขายส่ง,ลูกไก่ไข่,บาท/ตัว,27,28,27.5
24 ก.ค. 2562,ขายส่ง,ลูกไก่ไข่,บาท/ตัว,27,28,27.5
25 ก.ค. 2562,ขายส่ง,ลูกไก่ไข่,บาท/ตัว,27,28,27.5
26 ก.ค. 2562,ขายส่ง,ลูกไก่ไข่,บาท/ตัว,27,28,27.5
30 ก.ค. 2562,ขายส่ง,ลูกไก่ไข่,บาท/ตัว,27,28,27.5
31 ก.ค. 2562,ขายส่ง,ลูกไก่ไข่,บาท/ตัว,27,28,27.5
1 ส.ค. 2562,ขายส่ง,ลูกไก่ไข่,บาท/ตัว,27,28,27.5
2 ส.ค. 2562,ขายส่ง,ลูกไก่ไข่,บาท/ตัว,27,28,27.5
5 ส.ค. 2562,ขายส่ง,ลูกไก่ไข่,บาท/ตัว,27,28,27.5
6 ส.ค. 2562,ขายส่ง,ลูกไก่ไข่,บาท/ตัว,27,28,27.5
7 ส.ค. 2562,ขายส่ง,ลูกไก่ไข่,บาท/ตัว,27,28,27.5
8 ส.ค. 2562,ขายส่ง,ลูกไก่ไข่,บาท/ตัว,27,28,27.5
9 ส.ค. 2562,ขายส่ง,ลูกไก่ไข่,บาท/ตัว,27,28,27.5
13 ส.ค. 2562,ขายส่ง,ลูกไก่ไข่,บาท/ตัว,27,28,27.5
14 ส.ค. 2562,ขายส่ง,ลูกไก่ไข่,บาท/ตัว,27,28,27.5
15 ส.ค. 2562,ขายส่ง,ลูกไก่ไข่,บาท/ตัว,27,28,27.5
16 ส.ค. 2562,ขายส่ง,ลูกไก่ไข่,บาท/ตัว,27,28,27.5
19 ส.ค. 2562,ขายส่ง,ลูกไก่ไข่,บาท/ตัว,27,28,27.5
20 ส.ค. 2562,ขายส่ง,ลูกไก่ไข่,บาท/ตัว,27,28,27.5
21 ส.ค. 2562,ขายส่ง,ลูกไก่ไข่,บาท/ตัว,27,28,27.5
22 ส.ค. 2562,ขายส่ง,ลูกไก่ไข่,บาท/ตัว,27,28,27.5
23 ส.ค. 2562,ขายส่ง,ลูกไก่ไข่,บาท/ตัว,27,28,27.5
26 ส.ค. 2562,ขายส่ง,ลูกไก่ไข่,บาท/ตัว,27,28,27.5
27 ส.ค. 2562,ขายส่ง,ลูกไก่ไข่,บาท/ตัว,27,28,27.5
28 ส.ค. 2562,ขายส่ง,ลูกไก่ไข่,บาท/ตัว,27,28,27.5
29 ส.ค. 2562,ขายส่ง,ลูกไก่ไข่,บาท/ตัว,27,28,27.5
30 ส.ค. 2562,ขายส่ง,ลูกไก่ไข่,บาท/ตัว,27,28,27.5
2 ก.ย. 2562,ขายส่ง,ลูกไก่ไข่,บาท/ตัว,27,28,27.5
3 ก.ย. 2562,ขายส่ง,ลูกไก่ไข่,บาท/ตัว,27,28,27.5
4 ก.ย. 2562,ขายส่ง,ลูกไก่ไข่,บาท/ตัว,27,28,27.5
5 ก.ย. 2562,ขายส่ง,ลูกไก่ไข่,บาท/ตัว,27,28,27.5
6 ก.ย. 2562,ขายส่ง,ลูกไก่ไข่,บาท/ตัว,27,28,27.5
9 ก.ย. 2562,ขายส่ง,ลูกไก่ไข่,บาท/ตัว,27,28,27.5
10 ก.ย. 2562,ขายส่ง,ลูกไก่ไข่,บาท/ตัว,27,28,27.5
11 ก.ย. 2562,ขายส่ง,ลูกไก่ไข่,บาท/ตัว,27,28,27.5
12 ก.ย. 2562,ขายส่ง,ลูกไก่ไข่,บาท/ตัว,27,28,27.5
13 ก.ย. 2562,ขายส่ง,ลูกไก่ไข่,บาท/ตัว,27,28,27.5
16 ก.ย. 2562,ขายส่ง,ลูกไก่ไข่,บาท/ตัว,27,28,27.5
17 ก.ย. 2562,ขายส่ง,ลูกไก่ไข่,บาท/ตัว,27,28,27.5
18 ก.ย. 2562,ขายส่ง,ลูกไก่ไข่,บาท/ตัว,27,28,27.5
19 ก.ย. 2562,ขายส่ง,ลูกไก่ไข่,บาท/ตัว,27,28,27.5
20 ก.ย. 2562,ขายส่ง,ลูกไก่ไข่,บาท/ตัว,27,28,27.5
23 ก.ย. 2562,ขายส่ง,ลูกไก่ไข่,บาท/ตัว,27,28,27.5
24 ก.ย. 2562,ขายส่ง,ลูกไก่ไข่,บาท/ตัว,27,28,27.5
25 ก.ย. 2562,ขายส่ง,ลูกไก่ไข่,บาท/ตัว,27,28,27.5
26 ก.ย. 2562,ขายส่ง,ลูกไก่ไข่,บาท/ตัว,27,28,27.5
27 ก.ย. 2562,ขายส่ง,ลูกไก่ไข่,บาท/ตัว,27,28,27.5
30 ก.ย. 2562,ขายส่ง,ลูกไก่ไข่,บาท/ตัว,27,28,27.5
1 ต.ค. 2562,ขายส่ง,ลูกไก่ไข่,บาท/ตัว,27,28,27.5
2 ต.ค. 2562,ขายส่ง,ลูกไก่ไข่,บาท/ตัว,27,28,27.5
3 ต.ค. 2562,ขายส่ง,ลูกไก่ไข่,บาท/ตัว,27,28,27.5
4 ต.ค. 2562,ขายส่ง,ลูกไก่ไข่,บาท/ตัว,27,28,27.5
7 ต.ค. 2562,ขายส่ง,ลูกไก่ไข่,บาท/ตัว,27,28,27.5
8 ต.ค. 2562,ขายส่ง,ลูกไก่ไข่,บาท/ตัว,27,28,27.5
9 ต.ค. 2562,ขายส่ง,ลูกไก่ไข่,บาท/ตัว,27,28,27.5
10 ต.ค. 2562,ขายส่ง,ลูกไก่ไข่,บาท/ตัว,27,28,27.5
11 ต.ค. 2562,ขายส่ง,ลูกไก่ไข่,บาท/ตัว,27,28,27.5
15 ต.ค. 2562,ขายส่ง,ลูกไก่ไข่,บาท/ตัว,27,28,27.5
16 ต.ค. 2562,ขายส่ง,ลูกไก่ไข่,บาท/ตัว,27,28,27.5
17 ต.ค. 2562,ขายส่ง,ลูกไก่ไข่,บาท/ตัว,27,28,27.5
18 ต.ค. 2562,ขายส่ง,ลูกไก่ไข่,บาท/ตัว,27,28,27.5
21 ต.ค. 2562,ขายส่ง,ลูกไก่ไข่,บาท/ตัว,27,28,27.5
22 ต.ค. 2562,ขายส่ง,ลูกไก่ไข่,บาท/ตัว,27,28,27.5
24 ต.ค. 2562,ขายส่ง,ลูกไก่ไข่,บาท/ตัว,27,28,27.5
25 ต.ค. 2562,ขายส่ง,ลูกไก่ไข่,บาท/ตัว,27,28,27.5
28 ต.ค. 2562,ขายส่ง,ลูกไก่ไข่,บาท/ตัว,27,28,27.5
29 ต.ค. 2562,ขายส่ง,ลูกไก่ไข่,บาท/ตัว,27,28,27.5
30 ต.ค. 2562,ขายส่ง,ลูกไก่ไข่,บาท/ตัว,27,28,27.5
31 ต.ค. 2562,ขายส่ง,ลูกไก่ไข่,บาท/ตัว,27,28,27.5
1 พ.ย. 2562,ขายส่ง,ลูกไก่ไข่,บาท/ตัว,27,28,27.5
6 พ.ย. 2562,ขายส่ง,ลูกไก่ไข่,บาท/ตัว,27,28,27.5
7 พ.ย. 2562,ขายส่ง,ลูกไก่ไข่,บาท/ตัว,27,28,27.5
8 พ.ย. 2562,ขายส่ง,ลูกไก่ไข่,บาท/ตัว,27,28,27.5
11 พ.ย. 2562,ขายส่ง,ลูกไก่ไข่,บาท/ตัว,27,28,27.5
12 พ.ย. 2562,ขายส่ง,ลูกไก่ไข่,บาท/ตัว,27,28,27.5
13 พ.ย. 2562,ขายส่ง,ลูกไก่ไข่,บาท/ตัว,27,28,27.5
14 พ.ย. 2562,ขายส่ง,ลูกไก่ไข่,บาท/ตัว,27,28,27.5
15 พ.ย. 2562,ขายส่ง,ลูกไก่ไข่,บาท/ตัว,27,28,27.5
18 พ.ย. 2562,ขายส่ง,ลูกไก่ไข่,บาท/ตัว,27,28,27.5
19 พ.ย. 2562,ขายส่ง,ลูกไก่ไข่,บาท/ตัว,27,28,27.5
20 พ.ย. 2562,ขายส่ง,ลูกไก่ไข่,บาท/ตัว,27,28,27.5
21 พ.ย. 2562,ขายส่ง,ลูกไก่ไข่,บาท/ตัว,27,28,27.5
22 พ.ย. 2562,ขายส่ง,ลูกไก่ไข่,บาท/ตัว,27,28,27.5
25 พ.ย. 2562,ขายส่ง,ลูกไก่ไข่,บาท/ตัว,27,28,27.5
26 พ.ย. 2562,ขายส่ง,ลูกไก่ไข่,บาท/ตัว,27,28,27.5
27 พ.ย. 2562,ขายส่ง,ลูกไก่ไข่,บาท/ตัว,27,28,27.5
28 พ.ย. 2562,ขายส่ง,ลูกไก่ไข่,บาท/ตัว,27,28,27.5
29 พ.ย. 2562,ขายส่ง,ลูกไก่ไข่,บาท/ตัว,27,28,27.5
2 ธ.ค. 2562,ขายส่ง,ลูกไก่ไข่,บาท/ตัว,27,28,27.5
3 ธ.ค. 2562,ขายส่ง,ลูกไก่ไข่,บาท/ตัว,27,28,27.5
4 ธ.ค. 2562,ขายส่ง,ลูกไก่ไข่,บาท/ตัว,27,28,27.5
6 ธ.ค. 2562,ขายส่ง,ลูกไก่ไข่,บาท/ตัว,27,28,27.5
9 ธ.ค. 2562,ขายส่ง,ลูกไก่ไข่,บาท/ตัว,27,28,27.5
11 ธ.ค. 2562,ขายส่ง,ลูกไก่ไข่,บาท/ตัว,27,28,27.5
12 ธ.ค. 2562,ขายส่ง,ลูกไก่ไข่,บาท/ตัว,27,28,27.5
13 ธ.ค. 2562,ขายส่ง,ลูกไก่ไข่,บาท/ตัว,27,28,27.5
16 ธ.ค. 2562,ขายส่ง,ลูกไก่ไข่,บาท/ตัว,27,28,27.5
17 ธ.ค. 2562,ขายส่ง,ลูกไก่ไข่,บาท/ตัว,27,28,27.5
18 ธ.ค. 2562,ขายส่ง,ลูกไก่ไข่,บาท/ตัว,27,28,27.5
19 ธ.ค. 2562,ขายส่ง,ลูกไก่ไข่,บาท/ตัว,27,28,27.5
20 ธ.ค. 2562,ขายส่ง,ลูกไก่ไข่,บาท/ตัว,27,28,27.5
23 ธ.ค. 2562,ขายส่ง,ลูกไก่ไข่,บาท/ตัว,27,28,27.5
24 ธ.ค. 2562,ขายส่ง,ลูกไก่ไข่,บาท/ตัว,27,28,27.5
25 ธ.ค. 2562,ขายส่ง,ลูกไก่ไข่,บาท/ตัว,27,28,27.5
26 ธ.ค. 2562,ขายส่ง,ลูกไก่ไข่,บาท/ตัว,27,28,27.5
27 ธ.ค. 2562,ขายส่ง,ลูกไก่ไข่,บาท/ตัว,27,28,27.5
2 ม.ค. 2563,ขายส่ง,ลูกไก่ไข่,บาท/ตัว,27,28,27.5
3 ม.ค. 2563,ขายส่ง,ลูกไก่ไข่,บาท/ตัว,27,28,27.5
6 ม.ค. 2563,ขายส่ง,ลูกไก่ไข่,บาท/ตัว,27,28,27.5
7 ม.ค. 2563,ขายส่ง,ลูกไก่ไข่,บาท/ตัว,27,28,27.5
8 ม.ค. 2563,ขายส่ง,ลูกไก่ไข่,บาท/ตัว,27,28,27.5
9 ม.ค. 2563,ขายส่ง,ลูกไก่ไข่,บาท/ตัว,27,28,27.5
10 ม.ค. 2563,ขายส่ง,ลูกไก่ไข่,บาท/ตัว,27,28,27.5
13 ม.ค. 2563,ขายส่ง,ลูกไก่ไข่,บาท/ตัว,27,28,27.5
14 ม.ค. 2563,ขายส่ง,ลูกไก่ไข่,บาท/ตัว,27,28,27.5
15 ม.ค. 2563,ขายส่ง,ลูกไก่ไข่,บาท/ตัว,27,28,27.5
16 ม.ค. 2563,ขายส่ง,ลูกไก่ไข่,บาท/ตัว,27,28,27.5
17 ม.ค. 2563,ขายส่ง,ลูกไก่ไข่,บาท/ตัว,27,28,27.5
20 ม.ค. 2563,ขายส่ง,ลูกไก่ไข่,บาท/ตัว,27,28,27.5
21 ม.ค. 2563,ขายส่ง,ลูกไก่ไข่,บาท/ตัว,27,28,27.5
22 ม.ค. 2563,ขายส่ง,ลูกไก่ไข่,บาท/ตัว,27,28,27.5
23 ม.ค. 2563,ขายส่ง,ลูกไก่ไข่,บาท/ตัว,27,28,27.5
24 ม.ค. 2563,ขายส่ง,ลูกไก่ไข่,บาท/ตัว,27,28,27.5
27 ม.ค. 2563,ขายส่ง,ลูกไก่ไข่,บาท/ตัว,27,28,27.5
28 ม.ค. 2563,ขายส่ง,ลูกไก่ไข่,บาท/ตัว,27,28,27.5
29 ม.ค. 2563,ขายส่ง,ลูกไก่ไข่,บาท/ตัว,27,28,27.5
30 ม.ค. 2563,ขายส่ง,ลูกไก่ไข่,บาท/ตัว,27,28,27.5
31 ม.ค. 2563,ขายส่ง,ลูกไก่ไข่,บาท/ตัว,27,28,27.5
3 ก.พ. 2563,ขายส่ง,ลูกไก่ไข่,บาท/ตัว,27,28,27.5
4 ก.พ. 2563,ขายส่ง,ลูกไก่ไข่,บาท/ตัว,27,28,27.5
5 ก.พ. 2563,ขายส่ง,ลูกไก่ไข่,บาท/ตัว,27,28,27.5
6 ก.พ. 2563,ขายส่ง,ลูกไก่ไข่,บาท/ตัว,27,28,27.5
7 ก.พ. 2563,ขายส่ง,ลูกไก่ไข่,บาท/ตัว,27,28,27.5
11 ก.พ. 2563,ขายส่ง,ลูกไก่ไข่,บาท/ตัว,27,28,27.5
12 ก.พ. 2563,ขายส่ง,ลูกไก่ไข่,บาท/ตัว,27,28,27.5
13 ก.พ. 2563,ขายส่ง,ลูกไก่ไข่,บาท/ตัว,27,28,27.5
14 ก.พ. 2563,ขายส่ง,ลูกไก่ไข่,บาท/ตัว,27,28,27.5
17 ก.พ. 2563,ขายส่ง,ลูกไก่ไข่,บาท/ตัว,27,28,27.5
18 ก.พ. 2563,ขายส่ง,ลูกไก่ไข่,บาท/ตัว,27,28,27.5
19 ก.พ. 2563,ขายส่ง,ลูกไก่ไข่,บาท/ตัว,27,28,27.5
20 ก.พ. 2563,ขายส่ง,ลูกไก่ไข่,บาท/ตัว,27,28,27.5
21 ก.พ. 2563,ขายส่ง,ลูกไก่ไข่,บาท/ตัว,27,28,27.5
24 ก.พ. 2563,ขายส่ง,ลูกไก่ไข่,บาท/ตัว,27,28,27.5
25 ก.พ. 2563,ขายส่ง,ลูกไก่ไข่,บาท/ตัว,27,28,27.5
26 ก.พ. 2563,ขายส่ง,ลูกไก่ไข่,บาท/ตัว,27,28,27.5
27 ก.พ. 2563,ขายส่ง,ลูกไก่ไข่,บาท/ตัว,27,28,27.5
28 ก.พ. 2563,ขายส่ง,ลูกไก่ไข่,บาท/ตัว,27,28,27.5
2 มี.ค. 2563,ขายส่ง,ลูกไก่ไข่,บาท/ตัว,25,26,25.5
3 มี.ค. 2563,ขายส่ง,ลูกไก่ไข่,บาท/ตัว,25,26,25.5
4 มี.ค. 2563,ขายส่ง,ลูกไก่ไข่,บาท/ตัว,25,26,25.5
5 มี.ค. 2563,ขายส่ง,ลูกไก่ไข่,บาท/ตัว,25,26,25.5
6 มี.ค. 2563,ขายส่ง,ลูกไก่ไข่,บาท/ตัว,25,26,25.5
9 มี.ค. 2563,ขายส่ง,ลูกไก่ไข่,บาท/ตัว,25,26,25.5
10 มี.ค. 2563,ขายส่ง,ลูกไก่ไข่,บาท/ตัว,25,26,25.5
11 มี.ค. 2563,ขายส่ง,ลูกไก่ไข่,บาท/ตัว,25,26,25.5
12 มี.ค. 2563,ขายส่ง,ลูกไก่ไข่,บาท/ตัว,25,26,25.5
13 มี.ค. 2563,ขายส่ง,ลูกไก่ไข่,บาท/ตัว,25,26,25.5
16 มี.ค. 2563,ขายส่ง,ลูกไก่ไข่,บาท/ตัว,25,26,25.5
17 มี.ค. 2563,ขายส่ง,ลูกไก่ไข่,บาท/ตัว,25,26,25.5
18 มี.ค. 2563,ขายส่ง,ลูกไก่ไข่,บาท/ตัว,25,26,25.5
19 มี.ค. 2563,ขายส่ง,ลูกไก่ไข่,บาท/ตัว,25,26,25.5
20 มี.ค. 2563,ขายส่ง,ลูกไก่ไข่,บาท/ตัว,25,26,25.5
23 มี.ค. 2563,ขายส่ง,ลูกไก่ไข่,บาท/ตัว,25,26,25.5
24 มี.ค. 2563,ขายส่ง,ลูกไก่ไข่,บาท/ตัว,25,26,25.5
25 มี.ค. 2563,ขายส่ง,ลูกไก่ไข่,บาท/ตัว,25,26,25.5
26 มี.ค. 2563,ขายส่ง,ลูกไก่ไข่,บาท/ตัว,25,26,25.5
27 มี.ค. 2563,ขายส่ง,ลูกไก่ไข่,บาท/ตัว,25,26,25.5
30 มี.ค. 2563,ขายส่ง,ลูกไก่ไข่,บาท/ตัว,25,26,25.5
31 มี.ค. 2563,ขายส่ง,ลูกไก่ไข่,บาท/ตัว,25,26,25.5
1 เม.ย. 2563,ขายส่ง,ลูกไก่ไข่,บาท/ตัว,25,26,25.5
2 เม.ย. 2563,ขายส่ง,ลูกไก่ไข่,บาท/ตัว,25,26,25.5
3 เม.ย. 2563,ขายส่ง,ลูกไก่ไข่,บาท/ตัว,25,26,25.5
7 เม.ย. 2563,ขายส่ง,ลูกไก่ไข่,บาท/ตัว,25,26,25.5
8 เม.ย. 2563,ขายส่ง,ลูกไก่ไข่,บาท/ตัว,25,26,25.5
9 เม.ย. 2563,ขายส่ง,ลูกไก่ไข่,บาท/ตัว,25,26,25.5
10 เม.ย. 2563,ขายส่ง,ลูกไก่ไข่,บาท/ตัว,25,26,25.5
13 เม.ย. 2563,ขายส่ง,ลูกไก่ไข่,บาท/ตัว,25,26,25.5
14 เม.ย. 2563,ขายส่ง,ลูกไก่ไข่,บาท/ตัว,25,26,25.5
15 เม.ย. 2563,ขายส่ง,ลูกไก่ไข่,บาท/ตัว,25,26,25.5
16 เม.ย. 2563,ขายส่ง,ลูกไก่ไข่,บาท/ตัว,25,26,25.5
17 เม.ย. 2563,ขายส่ง,ลูกไก่ไข่,บาท/ตัว,25,26,25.5
20 เม.ย. 2563,ขายส่ง,ลูกไก่ไข่,บาท/ตัว,25,26,25.5
21 เม.ย. 2563,ขายส่ง,ลูกไก่ไข่,บาท/ตัว,25,26,25.5
22 เม.ย. 2563,ขายส่ง,ลูกไก่ไข่,บาท/ตัว,25,26,25.5
23 เม.ย. 2563,ขายส่ง,ลูกไก่ไข่,บาท/ตัว,25,26,25.5
24 เม.ย. 2563,ขายส่ง,ลูกไก่ไข่,บาท/ตัว,25,26,25.5
27 เม.ย. 2563,ขายส่ง,ลูกไก่ไข่,บาท/ตัว,25,26,25.5
28 เม.ย. 2563,ขายส่ง,ลูกไก่ไข่,บาท/ตัว,25,26,25.5
29 เม.ย. 2563,ขายส่ง,ลูกไก่ไข่,บาท/ตัว,25,26,25.5
30 เม.ย. 2563,ขายส่ง,ลูกไก่ไข่,บาท/ตัว,25,26,25.5
1 พ.ค. 2563,ขายส่ง,ลูกไก่ไข่,บาท/ตัว,25,26,25.5
5 พ.ค. 2563,ขายส่ง,ลูกไก่ไข่,บาท/ตัว,25,26,25.5
7 พ.ค. 2563,ขายส่ง,ลูกไก่ไข่,บาท/ตัว,25,26,25.5
8 พ.ค. 2563,ขายส่ง,ลูกไก่ไข่,บาท/ตัว,25,26,25.5
12 พ.ค. 2563,ขายส่ง,ลูกไก่ไข่,บาท/ตัว,25,26,25.5
13 พ.ค. 2563,ขายส่ง,ลูกไก่ไข่,บาท/ตัว,25,26,25.5
14 พ.ค. 2563,ขายส่ง,ลูกไก่ไข่,บาท/ตัว,25,26,25.5
15 พ.ค. 2563,ขายส่ง,ลูกไก่ไข่,บาท/ตัว,25,26,25.5
18 พ.ค. 2563,ขายส่ง,ลูกไก่ไข่,บาท/ตัว,25,26,25.5
19 พ.ค. 2563,ขายส่ง,ลูกไก่ไข่,บาท/ตัว,25,26,25.5
20 พ.ค. 2563,ขายส่ง,ลูกไก่ไข่,บาท/ตัว,25,26,25.5
21 พ.ค. 2563,ขายส่ง,ลูกไก่ไข่,บาท/ตัว,25,26,25.5
22 พ.ค. 2563,ขายส่ง,ลูกไก่ไข่,บาท/ตัว,25,26,25.5
25 พ.ค. 2563,ขายส่ง,ลูกไก่ไข่,บาท/ตัว,25,26,25.5
26 พ.ค. 2563,ขายส่ง,ลูกไก่ไข่,บาท/ตัว,25,26,25.5
27 พ.ค. 2563,ขายส่ง,ลูกไก่ไข่,บาท/ตัว,25,26,25.5
28 พ.ค. 2563,ขายส่ง,ลูกไก่ไข่,บาท/ตัว,25,26,25.5
29 พ.ค. 2563,ขายส่ง,ลูกไก่ไข่,บาท/ตัว,25,26,25.5
1 มิ.ย. 2563,ขายส่ง,ลูกไก่ไข่,บาท/ตัว,22,23,22.5
2 มิ.ย. 2563,ขายส่ง,ลูกไก่ไข่,บาท/ตัว,22,23,22.5
4 มิ.ย. 2563,ขายส่ง,ลูกไก่ไข่,บาท/ตัว,22,23,22.5
5 มิ.ย. 2563,ขายส่ง,ลูกไก่ไข่,บาท/ตัว,22,23,22.5
8 มิ.ย. 2563,ขายส่ง,ลูกไก่ไข่,บาท/ตัว,22,23,22.5
9 มิ.ย. 2563,ขายส่ง,ลูกไก่ไข่,บาท/ตัว,22,23,22.5
10 มิ.ย. 2563,ขายส่ง,ลูกไก่ไข่,บาท/ตัว,22,23,22.5
11 มิ.ย. 2563,ขายส่ง,ลูกไก่ไข่,บาท/ตัว,22,23,22.5
12 มิ.ย. 2563,ขายส่ง,ลูกไก่ไข่,บาท/ตัว,22,23,22.5
15 มิ.ย. 2563,ขายส่ง,ลูกไก่ไข่,บาท/ตัว,22,23,22.5
16 มิ.ย. 2563,ขายส่ง,ลูกไก่ไข่,บาท/ตัว,22,23,22.5
17 มิ.ย. 2563,ขายส่ง,ลูกไก่ไข่,บาท/ตัว,22,23,22.5
18 มิ.ย. 2563,ขายส่ง,ลูกไก่ไข่,บาท/ตัว,22,23,22.5
19 มิ.ย. 2563,ขายส่ง,ลูกไก่ไข่,บาท/ตัว,22,23,22.5
22 มิ.ย. 2563,ขายส่ง,ลูกไก่ไข่,บาท/ตัว,25,26,25.5
23 มิ.ย. 2563,ขายส่ง,ลูกไก่ไข่,บาท/ตัว,25,26,25.5
24 มิ.ย. 2563,ขายส่ง,ลูกไก่ไข่,บาท/ตัว,25,26,25.5
25 มิ.ย. 2563,ขายส่ง,ลูกไก่ไข่,บาท/ตัว,25,26,25.5
26 มิ.ย. 2563,ขายส่ง,ลูกไก่ไข่,บาท/ตัว,25,26,25.5
29 มิ.ย. 2563,ขายส่ง,ลูกไก่ไข่,บาท/ตัว,25,26,25.5
30 มิ.ย. 2563,ขายส่ง,ลูกไก่ไข่,บาท/ตัว,25,26,25.5
1 ก.ค. 2563,ขายส่ง,ลูกไก่ไข่,บาท/ตัว,25,26,25.5
2 ก.ค. 2563,ขายส่ง,ลูกไก่ไข่,บาท/ตัว,25,26,25.5
3 ก.ค. 2563,ขายส่ง,ลูกไก่ไข่,บาท/ตัว,25,26,25.5
8 ก.ค. 2563,ขายส่ง,ลูกไก่ไข่,บาท/ตัว,25,26,25.5
9 ก.ค. 2563,ขายส่ง,ลูกไก่ไข่,บาท/ตัว,25,26,25.5
10 ก.ค. 2563,ขายส่ง,ลูกไก่ไข่,บาท/ตัว,25,26,25.5
13 ก.ค. 2563,ขายส่ง,ลูกไก่ไข่,บาท/ตัว,27,28,27.5
14 ก.ค. 2563,ขายส่ง,ลูกไก่ไข่,บาท/ตัว,27,28,27.5
15 ก.ค. 2563,ขายส่ง,ลูกไก่ไข่,บาท/ตัว,27,28,27.5
16 ก.ค. 2563,ขายส่ง,ลูกไก่ไข่,บาท/ตัว,27,28,27.5
17 ก.ค. 2563,ขายส่ง,ลูกไก่ไข่,บาท/ตัว,27,28,27.5
20 ก.ค. 2563,ขายส่ง,ลูกไก่ไข่,บาท/ตัว,27,28,27.5
21 ก.ค. 2563,ขายส่ง,ลูกไก่ไข่,บาท/ตัว,27,28,27.5
22 ก.ค. 2563,ขายส่ง,ลูกไก่ไข่,บาท/ตัว,27,28,27.5
23 ก.ค. 2563,ขายส่ง,ลูกไก่ไข่,บาท/ตัว,27,28,27.5
24 ก.ค. 2563,ขายส่ง,ลูกไก่ไข่,บาท/ตัว,27,28,27.5
29 ก.ค. 2563,ขายส่ง,ลูกไก่ไข่,บาท/ตัว,27,28,27.5
30 ก.ค. 2563,ขายส่ง,ลูกไก่ไข่,บาท/ตัว,27,28,27.5
31 ก.ค. 2563,ขายส่ง,ลูกไก่ไข่,บาท/ตัว,27,28,27.5
3 ส.ค. 2563,ขายส่ง,ลูกไก่ไข่,บาท/ตัว,27,28,27.5
4 ส.ค. 2563,ขายส่ง,ลูกไก่ไข่,บาท/ตัว,27,28,27.5
5 ส.ค. 2563,ขายส่ง,ลูกไก่ไข่,บาท/ตัว,27,28,27.5
6 ส.ค. 2563,ขายส่ง,ลูกไก่ไข่,บาท/ตัว,27,28,27.5
7 ส.ค. 2563,ขายส่ง,ลูกไก่ไข่,บาท/ตัว,27,28,27.5
10 ส.ค. 2563,ขายส่ง,ลูกไก่ไข่,บาท/ตัว,27,28,27.5
11 ส.ค. 2563,ขายส่ง,ลูกไก่ไข่,บาท/ตัว,27,28,27.5
13 ส.ค. 2563,ขายส่ง,ลูกไก่ไข่,บาท/ตัว,27,28,27.5
14 ส.ค. 2563,ขายส่ง,ลูกไก่ไข่,บาท/ตัว,27,28,27.5
17 ส.ค. 2563,ขายส่ง,ลูกไก่ไข่,บาท/ตัว,27,28,27.5
18 ส.ค. 2563,ขายส่ง,ลูกไก่ไข่,บาท/ตัว,27,28,27.5
19 ส.ค. 2563,ขายส่ง,ลูกไก่ไข่,บาท/ตัว,27,28,27.5
20 ส.ค. 2563,ขายส่ง,ลูกไก่ไข่,บาท/ตัว,27,28,27.5
21 ส.ค. 2563,ขายส่ง,ลูกไก่ไข่,บาท/ตัว,27,28,27.5
24 ส.ค. 2563,ขายส่ง,ลูกไก่ไข่,บาท/ตัว,27,28,27.5
25 ส.ค. 2563,ขายส่ง,ลูกไก่ไข่,บาท/ตัว,27,28,27.5
26 ส.ค. 2563,ขายส่ง,ลูกไก่ไข่,บาท/ตัว,27,28,27.5
27 ส.ค. 2563,ขายส่ง,ลูกไก่ไข่,บาท/ตัว,27,28,27.5
28 ส.ค. 2563,ขายส่ง,ลูกไก่ไข่,บาท/ตัว,27,28,27.5
31 ส.ค. 2563,ขายส่ง,ลูกไก่ไข่,บาท/ตัว,27,28,27.5
1 ก.ย. 2563,ขายส่ง,ลูกไก่ไข่,บาท/ตัว,27,28,27.5
2 ก.ย. 2563,ขายส่ง,ลูกไก่ไข่,บาท/ตัว,27,28,27.5
3 ก.ย. 2563,ขายส่ง,ลูกไก่ไข่,บาท/ตัว,27,28,27.5
8 ก.ย. 2563,ขายส่ง,ลูกไก่ไข่,บาท/ตัว,27,28,27.5
9 ก.ย. 2563,ขายส่ง,ลูกไก่ไข่,บาท/ตัว,27,28,27.5
10 ก.ย. 2563,ขายส่ง,ลูกไก่ไข่,บาท/ตัว,27,28,27.5
11 ก.ย. 2563,ขายส่ง,ลูกไก่ไข่,บาท/ตัว,27,28,27.5
14 ก.ย. 2563,ขายส่ง,ลูกไก่ไข่,บาท/ตัว,27,28,27.5
15 ก.ย. 2563,ขายส่ง,ลูกไก่ไข่,บาท/ตัว,27,28,27.5
16 ก.ย. 2563,ขายส่ง,ลูกไก่ไข่,บาท/ตัว,27,28,27.5
17 ก.ย. 2563,ขายส่ง,ลูกไก่ไข่,บาท/ตัว,27,28,27.5
18 ก.ย. 2563,ขายส่ง,ลูกไก่ไข่,บาท/ตัว,27,28,27.5
21 ก.ย. 2563,ขายส่ง,ลูกไก่ไข่,บาท/ตัว,27,28,27.5
22 ก.ย. 2563,ขายส่ง,ลูกไก่ไข่,บาท/ตัว,27,28,27.5
23 ก.ย. 2563,ขายส่ง,ลูกไก่ไข่,บาท/ตัว,27,28,27.5
24 ก.ย. 2563,ขายส่ง,ลูกไก่ไข่,บาท/ตัว,27,28,27.5
25 ก.ย. 2563,ขายส่ง,ลูกไก่ไข่,บาท/ตัว,27,28,27.5
28 ก.ย. 2563,ขายส่ง,ลูกไก่ไข่,บาท/ตัว,27,28,27.5
29 ก.ย. 2563,ขายส่ง,ลูกไก่ไข่,บาท/ตัว,27,28,27.5
30 ก.ย. 2563,ขายส่ง,ลูกไก่ไข่,บาท/ตัว,27,28,27.5
1 ต.ค. 2563,ขายส่ง,ลูกไก่ไข่,บาท/ตัว,27,28,27.5
2 ต.ค. 2563,ขายส่ง,ลูกไก่ไข่,บาท/ตัว,27,28,27.5
5 ต.ค. 2563,ขายส่ง,ลูกไก่ไข่,บาท/ตัว,27,28,27.5
6 ต.ค. 2563,ขายส่ง,ลูกไก่ไข่,บาท/ตัว,27,28,27.5
7 ต.ค. 2563,ขายส่ง,ลูกไก่ไข่,บาท/ตัว,27,28,27.5
8 ต.ค. 2563,ขายส่ง,ลูกไก่ไข่,บาท/ตัว,27,28,27.5
9 ต.ค. 2563,ขายส่ง,ลูกไก่ไข่,บาท/ตัว,27,28,27.5
12 ต.ค. 2563,ขายส่ง,ลูกไก่ไข่,บาท/ตัว,27,28,27.5
14 ต.ค. 2563,ขายส่ง,ลูกไก่ไข่,บาท/ตัว,27,28,27.5
15 ต.ค. 2563,ขายส่ง,ลูกไก่ไข่,บาท/ตัว,27,28,27.5
16 ต.ค. 2563,ขายส่ง,ลูกไก่ไข่,บาท/ตัว,27,28,27.5
19 ต.ค. 2563,ขายส่ง,ลูกไก่ไข่,บาท/ตัว,27,28,27.5
20 ต.ค. 2563,ขายส่ง,ลูกไก่ไข่,บาท/ตัว,27,28,27.5
21 ต.ค. 2563,ขายส่ง,ลูกไก่ไข่,บาท/ตัว,27,28,27.5
22 ต.ค. 2563,ขายส่ง,ลูกไก่ไข่,บาท/ตัว,27,28,27.5
26 ต.ค. 2563,ขายส่ง,ลูกไก่ไข่,บาท/ตัว,27,28,27.5
27 ต.ค. 2563,ขายส่ง,ลูกไก่ไข่,บาท/ตัว,27,28,27.5
28 ต.ค. 2563,ขายส่ง,ลูกไก่ไข่,บาท/ตัว,27,28,27.5
29 ต.ค. 2563,ขายส่ง,ลูกไก่ไข่,บาท/ตัว,27,28,27.5
30 ต.ค. 2563,ขายส่ง,ลูกไก่ไข่,บาท/ตัว,27,28,27.5
2 พ.ย. 2563,ขายส่ง,ลูกไก่ไข่,บาท/ตัว,27,28,27.5
3 พ.ย. 2563,ขายส่ง,ลูกไก่ไข่,บาท/ตัว,27,28,27.5
4 พ.ย. 2563,ขายส่ง,ลูกไก่ไข่,บาท/ตัว,27,28,27.5
5 พ.ย. 2563,ขายส่ง,ลูกไก่ไข่,บาท/ตัว,27,28,27.5
6 พ.ย. 2563,ขายส่ง,ลูกไก่ไข่,บาท/ตัว,27,28,27.5
9 พ.ย. 2563,ขายส่ง,ลูกไก่ไข่,บาท/ตัว,27,28,27.5
10 พ.ย. 2563,ขายส่ง,ลูกไก่ไข่,บาท/ตัว,27,28,27.5
11 พ.ย. 2563,ขายส่ง,ลูกไก่ไข่,บาท/ตัว,27,28,27.5
12 พ.ย. 2563,ขายส่ง,ลูกไก่ไข่,บาท/ตัว,27,28,27.5
13 พ.ย. 2563,ขายส่ง,ลูกไก่ไข่,บาท/ตัว,27,28,27.5
16 พ.ย. 2563,ขายส่ง,ลูกไก่ไข่,บาท/ตัว,27,28,27.5
17 พ.ย. 2563,ขายส่ง,ลูกไก่ไข่,บาท/ตัว,27,28,27.5
18 พ.ย. 2563,ขายส่ง,ลูกไก่ไข่,บาท/ตัว,27,28,27.5
23 พ.ย. 2563,ขายส่ง,ลูกไก่ไข่,บาท/ตัว,27,28,27.5
24 พ.ย. 2563,ขายส่ง,ลูกไก่ไข่,บาท/ตัว,27,28,27.5
25 พ.ย. 2563,ขายส่ง,ลูกไก่ไข่,บาท/ตัว,27,28,27.5
26 พ.ย. 2563,ขายส่ง,ลูกไก่ไข่,บาท/ตัว,27,28,27.5
27 พ.ย. 2563,ขายส่ง,ลูกไก่ไข่,บาท/ตัว,27,28,27.5
30 พ.ย. 2563,ขายส่ง,ลูกไก่ไข่,บาท/ตัว,27,28,27.5
1 ธ.ค. 2563,ขายส่ง,ลูกไก่ไข่,บาท/ตัว,27,28,27.5
2 ธ.ค. 2563,ขายส่ง,ลูกไก่ไข่,บาท/ตัว,27,28,27.5
3 ธ.ค. 2563,ขายส่ง,ลูกไก่ไข่,บาท/ตัว,27,28,27.5
4 ธ.ค. 2563,ขายส่ง,ลูกไก่ไข่,บาท/ตัว,27,28,27.5
7 ธ.ค. 2563,ขายส่ง,ลูกไก่ไข่,บาท/ตัว,27,28,27.5
8 ธ.ค. 2563,ขายส่ง,ลูกไก่ไข่,บาท/ตัว,27,28,27.5
9 ธ.ค. 2563,ขายส่ง,ลูกไก่ไข่,บาท/ตัว,27,28,27.5
14 ธ.ค. 2563,ขายส่ง,ลูกไก่ไข่,บาท/ตัว,27,28,27.5
15 ธ.ค. 2563,ขายส่ง,ลูกไก่ไข่,บาท/ตัว,27,28,27.5
16 ธ.ค. 2563,ขายส่ง,ลูกไก่ไข่,บาท/ตัว,27,28,27.5
18 ธ.ค. 2563,ขายส่ง,ลูกไก่ไข่,บาท/ตัว,27,28,27.5
21 ธ.ค. 2563,ขายส่ง,ลูกไก่ไข่,บาท/ตัว,27,28,27.5
22 ธ.ค. 2563,ขายส่ง,ลูกไก่ไข่,บาท/ตัว,27,28,27.5
23 ธ.ค. 2563,ขายส่ง,ลูกไก่ไข่,บาท/ตัว,27,28,27.5
24 ธ.ค. 2563,ขายส่ง,ลูกไก่ไข่,บาท/ตัว,27,28,27.5
25 ธ.ค. 2563,ขายส่ง,ลูกไก่ไข่,บาท/ตัว,27,28,27.5
28 ธ.ค. 2563,ขายส่ง,ลูกไก่ไข่,บาท/ตัว,27,28,27.5
29 ธ.ค. 2563,ขายส่ง,ลูกไก่ไข่,บาท/ตัว,27,28,27.5
30 ธ.ค. 2563,ขายส่ง,ลูกไก่ไข่,บาท/ตัว,27,28,27.5
4 ม.ค. 2564,ขายส่ง,ลูกไก่ไข่,บาท/ตัว,27,28,27.5
5 ม.ค. 2564,ขายส่ง,ลูกไก่ไข่,บาท/ตัว,27,28,27.5
6 ม.ค. 2564,ขายส่ง,ลูกไก่ไข่,บาท/ตัว,27,28,27.5
7 ม.ค. 2564,ขายส่ง,ลูกไก่ไข่,บาท/ตัว,27,28,27.5
8 ม.ค. 2564,ขายส่ง,ลูกไก่ไข่,บาท/ตัว,27,28,27.5
11 ม.ค. 2564,ขายส่ง,ลูกไก่ไข่,บาท/ตัว,27,28,27.5
12 ม.ค. 2564,ขายส่ง,ลูกไก่ไข่,บาท/ตัว,27,28,27.5
13 ม.ค. 2564,ขายส่ง,ลูกไก่ไข่,บาท/ตัว,27,28,27.5
14 ม.ค. 2564,ขายส่ง,ลูกไก่ไข่,บาท/ตัว,27,28,27.5
15 ม.ค. 2564,ขายส่ง,ลูกไก่ไข่,บาท/ตัว,27,28,27.5
18 ม.ค. 2564,ขายส่ง,ลูกไก่ไข่,บาท/ตัว,27,28,27.5
19 ม.ค. 2564,ขายส่ง,ลูกไก่ไข่,บาท/ตัว,27,28,27.5
20 ม.ค. 2564,ขายส่ง,ลูกไก่ไข่,บาท/ตัว,27,28,27.5
21 ม.ค. 2564,ขายส่ง,ลูกไก่ไข่,บาท/ตัว,27,28,27.5
22 ม.ค. 2564,ขายส่ง,ลูกไก่ไข่,บาท/ตัว,27,28,27.5
25 ม.ค. 2564,ขายส่ง,ลูกไก่ไข่,บาท/ตัว,27,28,27.5
26 ม.ค. 2564,ขายส่ง,ลูกไก่ไข่,บาท/ตัว,27,28,27.5
27 ม.ค. 2564,ขายส่ง,ลูกไก่ไข่,บาท/ตัว,27,28,27.5
28 ม.ค. 2564,ขายส่ง,ลูกไก่ไข่,บาท/ตัว,27,28,27.5
29 ม.ค. 2564,ขายส่ง,ลูกไก่ไข่,บาท/ตัว,27,28,27.5
1 ก.พ. 2564,ขายส่ง,ลูกไก่ไข่,บาท/ตัว,27,28,27.5
2 ก.พ. 2564,ขายส่ง,ลูกไก่ไข่,บาท/ตัว,27,28,27.5
3 ก.พ. 2564,ขายส่ง,ลูกไก่ไข่,บาท/ตัว,27,28,27.5
4 ก.พ. 2564,ขายส่ง,ลูกไก่ไข่,บาท/ตัว,27,28,27.5
5 ก.พ. 2564,ขายส่ง,ลูกไก่ไข่,บาท/ตัว,27,28,27.5
8 ก.พ. 2564,ขายส่ง,ลูกไก่ไข่,บาท/ตัว,27,28,27.5
9 ก.พ. 2564,ขายส่ง,ลูกไก่ไข่,บาท/ตัว,27,28,27.5
10 ก.พ. 2564,ขายส่ง,ลูกไก่ไข่,บาท/ตัว,27,28,27.5
11 ก.พ. 2564,ขายส่ง,ลูกไก่ไข่,บาท/ตัว,27,28,27.5
15 ก.พ. 2564,ขายส่ง,ลูกไก่ไข่,บาท/ตัว,27,28,27.5
16 ก.พ. 2564,ขายส่ง,ลูกไก่ไข่,บาท/ตัว,27,28,27.5
17 ก.พ. 2564,ขายส่ง,ลูกไก่ไข่,บาท/ตัว,27,28,27.5
18 ก.พ. 2564,ขายส่ง,ลูกไก่ไข่,บาท/ตัว,27,28,27.5
19 ก.พ. 2564,ขายส่ง,ลูกไก่ไข่,บาท/ตัว,27,28,27.5
22 ก.พ. 2564,ขายส่ง,ลูกไก่ไข่,บาท/ตัว,27,28,27.5
23 ก.พ. 2564,ขายส่ง,ลูกไก่ไข่,บาท/ตัว,27,28,27.5
24 ก.พ. 2564,ขายส่ง,ลูกไก่ไข่,บาท/ตัว,27,28,27.5
25 ก.พ. 2564,ขายส่ง,ลูกไก่ไข่,บาท/ตัว,27,28,27.5
1 มี.ค. 2564,ขายส่ง,ลูกไก่ไข่,บาท/ตัว,27,28,27.5
2 มี.ค. 2564,ขายส่ง,ลูกไก่ไข่,บาท/ตัว,27,28,27.5
3 มี.ค. 2564,ขายส่ง,ลูกไก่ไข่,บาท/ตัว,27,28,27.5
4 มี.ค. 2564,ขายส่ง,ลูกไก่ไข่,บาท/ตัว,27,28,27.5
5 มี.ค. 2564,ขายส่ง,ลูกไก่ไข่,บาท/ตัว,27,28,27.5
8 มี.ค. 2564,ขายส่ง,ลูกไก่ไข่,บาท/ตัว,27,28,27.5
9 มี.ค. 2564,ขายส่ง,ลูกไก่ไข่,บาท/ตัว,27,28,27.5
10 มี.ค. 2564,ขายส่ง,ลูกไก่ไข่,บาท/ตัว,27,28,27.5
11 มี.ค. 2564,ขายส่ง,ลูกไก่ไข่,บาท/ตัว,27,28,27.5
12 มี.ค. 2564,ขายส่ง,ลูกไก่ไข่,บาท/ตัว,27,28,27.5
15 มี.ค. 2564,ขายส่ง,ลูกไก่ไข่,บาท/ตัว,27,28,27.5
16 มี.ค. 2564,ขายส่ง,ลูกไก่ไข่,บาท/ตัว,27,28,27.5
17 มี.ค. 2564,ขายส่ง,ลูกไก่ไข่,บาท/ตัว,27,28,27.5
18 มี.ค. 2564,ขายส่ง,ลูกไก่ไข่,บาท/ตัว,27,28,27.5
19 มี.ค. 2564,ขายส่ง,ลูกไก่ไข่,บาท/ตัว,27,28,27.5
22 มี.ค. 2564,ขายส่ง,ลูกไก่ไข่,บาท/ตัว,27,28,27.5
23 มี.ค. 2564,ขายส่ง,ลูกไก่ไข่,บาท/ตัว,27,28,27.5
24 มี.ค. 2564,ขายส่ง,ลูกไก่ไข่,บาท/ตัว,27,28,27.5
25 มี.ค. 2564,ขายส่ง,ลูกไก่ไข่,บาท/ตัว,27,28,27.5
26 มี.ค. 2564,ขายส่ง,ลูกไก่ไข่,บาท/ตัว,27,28,27.5
29 มี.ค. 2564,ขายส่ง,ลูกไก่ไข่,บาท/ตัว,27,28,27.5
30 มี.ค. 2564,ขายส่ง,ลูกไก่ไข่,บาท/ตัว,27,28,27.5
31 มี.ค. 2564,ขายส่ง,ลูกไก่ไข่,บาท/ตัว,27,28,27.5
1 เม.ย. 2564,ขายส่ง,ลูกไก่ไข่,บาท/ตัว,27,28,27.5
2 เม.ย. 2564,ขายส่ง,ลูกไก่ไข่,บาท/ตัว,27,28,27.5
5 เม.ย. 2564,ขายส่ง,ลูกไก่ไข่,บาท/ตัว,27,28,27.5
7 เม.ย. 2564,ขายส่ง,ลูกไก่ไข่,บาท/ตัว,27,28,27.5
8 เม.ย. 2564,ขายส่ง,ลูกไก่ไข่,บาท/ตัว,27,28,27.5
9 เม.ย. 2564,ขายส่ง,ลูกไก่ไข่,บาท/ตัว,27,28,27.5
16 เม.ย. 2564,ขายส่ง,ลูกไก่ไข่,บาท/ตัว,27,28,27.5
19 เม.ย. 2564,ขายส่ง,ลูกไก่ไข่,บาท/ตัว,27,28,27.5
20 เม.ย. 2564,ขายส่ง,ลูกไก่ไข่,บาท/ตัว,27,28,27.5
21 เม.ย. 2564,ขายส่ง,ลูกไก่ไข่,บาท/ตัว,27,28,27.5
22 เม.ย. 2564,ขายส่ง,ลูกไก่ไข่,บาท/ตัว,27,28,27.5
23 เม.ย. 2564,ขายส่ง,ลูกไก่ไข่,บาท/ตัว,27,28,27.5
26 เม.ย. 2564,ขายส่ง,ลูกไก่ไข่,บาท/ตัว,27,28,27.5
27 เม.ย. 2564,ขายส่ง,ลูกไก่ไข่,บาท/ตัว,27,28,27.5
28 เม.ย. 2564,ขายส่ง,ลูกไก่ไข่,บาท/ตัว,27,28,27.5
29 เม.ย. 2564,ขายส่ง,ลูกไก่ไข่,บาท/ตัว,27,28,27.5
30 เม.ย. 2564,ขายส่ง,ลูกไก่ไข่,บาท/ตัว,27,28,27.5
3 พ.ค. 2564,ขายส่ง,ลูกไก่ไข่,บาท/ตัว,27,28,27.5
5 พ.ค. 2564,ขายส่ง,ลูกไก่ไข่,บาท/ตัว,27,28,27.5
6 พ.ค. 2564,ขายส่ง,ลูกไก่ไข่,บาท/ตัว,27,28,27.5
7 พ.ค. 2564,ขายส่ง,ลูกไก่ไข่,บาท/ตัว,27,28,27.5
11 พ.ค. 2564,ขายส่ง,ลูกไก่ไข่,บาท/ตัว,27,28,27.5
12 พ.ค. 2564,ขายส่ง,ลูกไก่ไข่,บาท/ตัว,27,28,27.5
13 พ.ค. 2564,ขายส่ง,ลูกไก่ไข่,บาท/ตัว,27,28,27.5
14 พ.ค. 2564,ขายส่ง,ลูกไก่ไข่,บาท/ตัว,27,28,27.5
17 พ.ค. 2564,ขายส่ง,ลูกไก่ไข่,บาท/ตัว,27,28,27.5
18 พ.ค. 2564,ขายส่ง,ลูกไก่ไข่,บาท/ตัว,27,28,27.5
19 พ.ค. 2564,ขายส่ง,ลูกไก่ไข่,บาท/ตัว,27,28,27.5
20 พ.ค. 2564,ขายส่ง,ลูกไก่ไข่,บาท/ตัว,27,28,27.5
21 พ.ค. 2564,ขายส่ง,ลูกไก่ไข่,บาท/ตัว,27,28,27.5
24 พ.ค. 2564,ขายส่ง,ลูกไก่ไข่,บาท/ตัว,27,28,27.5
25 พ.ค. 2564,ขายส่ง,ลูกไก่ไข่,บาท/ตัว,27,28,27.5
27 พ.ค. 2564,ขายส่ง,ลูกไก่ไข่,บาท/ตัว,27,28,27.5
28 พ.ค. 2564,ขายส่ง,ลูกไก่ไข่,บาท/ตัว,27,28,27.5
31 พ.ค. 2564,ขายส่ง,ลูกไก่ไข่,บาท/ตัว,27,28,27.5
1 มิ.ย. 2564,ขายส่ง,ลูกไก่ไข่,บาท/ตัว,27,28,27.5
2 มิ.ย. 2564,ขายส่ง,ลูกไก่ไข่,บาท/ตัว,27,28,27.5
4 มิ.ย. 2564,ขายส่ง,ลูกไก่ไข่,บาท/ตัว,27,28,27.5
7 มิ.ย. 2564,ขายส่ง,ลูกไก่ไข่,บาท/ตัว,27,28,27.5
8 มิ.ย. 2564,ขายส่ง,ลูกไก่ไข่,บาท/ตัว,27,28,27.5
9 มิ.ย. 2564,ขายส่ง,ลูกไก่ไข่,บาท/ตัว,27,28,27.5
10 มิ.ย. 2564,ขายส่ง,ลูกไก่ไข่,บาท/ตัว,27,28,27.5
11 มิ.ย. 2564,ขายส่ง,ลูกไก่ไข่,บาท/ตัว,27,28,27.5
14 มิ.ย. 2564,ขายส่ง,ลูกไก่ไข่,บาท/ตัว,27,28,27.5
15 มิ.ย. 2564,ขายส่ง,ลูกไก่ไข่,บาท/ตัว,27,28,27.5
16 มิ.ย. 2564,ขายส่ง,ลูกไก่ไข่,บาท/ตัว,27,28,27.5
17 มิ.ย. 2564,ขายส่ง,ลูกไก่ไข่,บาท/ตัว,27,28,27.5
18 มิ.ย. 2564,ขายส่ง,ลูกไก่ไข่,บาท/ตัว,27,28,27.5
21 มิ.ย. 2564,ขายส่ง,ลูกไก่ไข่,บาท/ตัว,27,28,27.5
22 มิ.ย. 2564,ขายส่ง,ลูกไก่ไข่,บาท/ตัว,27,28,27.5
23 มิ.ย. 2564,ขายส่ง,ลูกไก่ไข่,บาท/ตัว,27,28,27.5
24 มิ.ย. 2564,ขายส่ง,ลูกไก่ไข่,บาท/ตัว,27,28,27.5
25 มิ.ย. 2564,ขายส่ง,ลูกไก่ไข่,บาท/ตัว,27,28,27.5
28 มิ.ย. 2564,ขายส่ง,ลูกไก่ไข่,บาท/ตัว,27,28,27.5
29 มิ.ย. 2564,ขายส่ง,ลูกไก่ไข่,บาท/ตัว,27,28,27.5
30 มิ.ย. 2564,ขายส่ง,ลูกไก่ไข่,บาท/ตัว,27,28,27.5
1 ก.ค. 2564,ขายส่ง,ลูกไก่ไข่,บาท/ตัว,27,28,27.5
2 ก.ค. 2564,ขายส่ง,ลูกไก่ไข่,บาท/ตัว,27,28,27.5
5 ก.ค. 2564,ขายส่ง,ลูกไก่ไข่,บาท/ตัว,27,28,27.5
6 ก.ค. 2564,ขายส่ง,ลูกไก่ไข่,บาท/ตัว,27,28,27.5
7 ก.ค. 2564,ขายส่ง,ลูกไก่ไข่,บาท/ตัว,27,28,27.5
8 ก.ค. 2564,ขายส่ง,ลูกไก่ไข่,บาท/ตัว,27,28,27.5
9 ก.ค. 2564,ขายส่ง,ลูกไก่ไข่,บาท/ตัว,27,28,27.5
12 ก.ค. 2564,ขายส่ง,ลูกไก่ไข่,บาท/ตัว,27,28,27.5
13 ก.ค. 2564,ขายส่ง,ลูกไก่ไข่,บาท/ตัว,27,28,27.5
14 ก.ค. 2564,ขายส่ง,ลูกไก่ไข่,บาท/ตัว,27,28,27.5
15 ก.ค. 2564,ขายส่ง,ลูกไก่ไข่,บาท/ตัว,27,28,27.5
16 ก.ค. 2564,ขายส่ง,ลูกไก่ไข่,บาท/ตัว,27,28,27.5
19 ก.ค. 2564,ขายส่ง,ลูกไก่ไข่,บาท/ตัว,27,28,27.5
20 ก.ค. 2564,ขายส่ง,ลูกไก่ไข่,บาท/ตัว,27,28,27.5
21 ก.ค. 2564,ขายส่ง,ลูกไก่ไข่,บาท/ตัว,27,28,27.5
22 ก.ค. 2564,ขายส่ง,ลูกไก่ไข่,บาท/ตัว,27,28,27.5
23 ก.ค. 2564,ขายส่ง,ลูกไก่ไข่,บาท/ตัว,27,28,27.5
27 ก.ค. 2564,ขายส่ง,ลูกไก่ไข่,บาท/ตัว,27,28,27.5
29 ก.ค. 2564,ขายส่ง,ลูกไก่ไข่,บาท/ตัว,27,28,27.5
30 ก.ค. 2564,ขายส่ง,ลูกไก่ไข่,บาท/ตัว,27,28,27.5
2 ส.ค. 2564,ขายส่ง,ลูกไก่ไข่,บาท/ตัว,27,28,27.5
3 ส.ค. 2564,ขายส่ง,ลูกไก่ไข่,บาท/ตัว,27,28,27.5
4 ส.ค. 2564,ขายส่ง,ลูกไก่ไข่,บาท/ตัว,27,28,27.5
5 ส.ค. 2564,ขายส่ง,ลูกไก่ไข่,บาท/ตัว,27,28,27.5
6 ส.ค. 2564,ขายส่ง,ลูกไก่ไข่,บาท/ตัว,27,28,27.5
9 ส.ค. 2564,ขายส่ง,ลูกไก่ไข่,บาท/ตัว,27,28,27.5
10 ส.ค. 2564,ขายส่ง,ลูกไก่ไข่,บาท/ตัว,27,28,27.5
11 ส.ค. 2564,ขายส่ง,ลูกไก่ไข่,บาท/ตัว,27,28,27.5
13 ส.ค. 2564,ขายส่ง,ลูกไก่ไข่,บาท/ตัว,27,28,27.5
16 ส.ค. 2564,ขายส่ง,ลูกไก่ไข่,บาท/ตัว,27,28,27.5
17 ส.ค. 2564,ขายส่ง,ลูกไก่ไข่,บาท/ตัว,27,28,27.5
18 ส.ค. 2564,ขายส่ง,ลูกไก่ไข่,บาท/ตัว,27,28,27.5
19 ส.ค. 2564,ขายส่ง,ลูกไก่ไข่,บาท/ตัว,27,28,27.5
20 ส.ค. 2564,ขายส่ง,ลูกไก่ไข่,บาท/ตัว,27,28,27.5
23 ส.ค. 2564,ขายส่ง,ลูกไก่ไข่,บาท/ตัว,27,28,27.5
24 ส.ค. 2564,ขายส่ง,ลูกไก่ไข่,บาท/ตัว,27,28,27.5
25 ส.ค. 2564,ขายส่ง,ลูกไก่ไข่,บาท/ตัว,27,28,27.5
26 ส.ค. 2564,ขายส่ง,ลูกไก่ไข่,บาท/ตัว,27,28,27.5
27 ส.ค. 2564,ขายส่ง,ลูกไก่ไข่,บาท/ตัว,27,28,27.5
30 ส.ค. 2564,ขายส่ง,ลูกไก่ไข่,บาท/ตัว,27,28,27.5
31 ส.ค. 2564,ขายส่ง,ลูกไก่ไข่,บาท/ตัว,27,28,27.5
1 ก.ย. 2564,ขายส่ง,ลูกไก่ไข่,บาท/ตัว,27,28,27.5
2 ก.ย. 2564,ขายส่ง,ลูกไก่ไข่,บาท/ตัว,27,28,27.5
3 ก.ย. 2564,ขายส่ง,ลูกไก่ไข่,บาท/ตัว,27,28,27.5
6 ก.ย. 2564,ขายส่ง,ลูกไก่ไข่,บาท/ตัว,27,28,27.5
7 ก.ย. 2564,ขายส่ง,ลูกไก่ไข่,บาท/ตัว,27,28,27.5
8 ก.ย. 2564,ขายส่ง,ลูกไก่ไข่,บาท/ตัว,27,28,27.5
9 ก.ย. 2564,ขายส่ง,ลูกไก่ไข่,บาท/ตัว,27,28,27.5
10 ก.ย. 2564,ขายส่ง,ลูกไก่ไข่,บาท/ตัว,27,28,27.5
13 ก.ย. 2564,ขายส่ง,ลูกไก่ไข่,บาท/ตัว,27,28,27.5
14 ก.ย. 2564,ขายส่ง,ลูกไก่ไข่,บาท/ตัว,27,28,27.5
15 ก.ย. 2564,ขายส่ง,ลูกไก่ไข่,บาท/ตัว,27,28,27.5
16 ก.ย. 2564,ขายส่ง,ลูกไก่ไข่,บาท/ตัว,27,28,27.5
17 ก.ย. 2564,ขายส่ง,ลูกไก่ไข่,บาท/ตัว,27,28,27.5
20 ก.ย. 2564,ขายส่ง,ลูกไก่ไข่,บาท/ตัว,27,28,27.5
21 ก.ย. 2564,ขายส่ง,ลูกไก่ไข่,บาท/ตัว,27,28,27.5
22 ก.ย. 2564,ขายส่ง,ลูกไก่ไข่,บาท/ตัว,27,28,27.5
23 ก.ย. 2564,ขายส่ง,ลูกไก่ไข่,บาท/ตัว,27,28,27.5
27 ก.ย. 2564,ขายส่ง,ลูกไก่ไข่,บาท/ตัว,27,28,27.5
28 ก.ย. 2564,ขายส่ง,ลูกไก่ไข่,บาท/ตัว,27,28,27.5
29 ก.ย. 2564,ขายส่ง,ลูกไก่ไข่,บาท/ตัว,27,28,27.5
30 ก.ย. 2564,ขายส่ง,ลูกไก่ไข่,บาท/ตัว,27,28,27.5
1 ต.ค. 2564,ขายส่ง,ลูกไก่ไข่,บาท/ตัว,27,28,27.5
4 ต.ค. 2564,ขายส่ง,ลูกไก่ไข่,บาท/ตัว,27,28,27.5
5 ต.ค. 2564,ขายส่ง,ลูกไก่ไข่,บาท/ตัว,27,28,27.5
6 ต.ค. 2564,ขายส่ง,ลูกไก่ไข่,บาท/ตัว,27,28,27.5
7 ต.ค. 2564,ขายส่ง,ลูกไก่ไข่,บาท/ตัว,27,28,27.5
8 ต.ค. 2564,ขายส่ง,ลูกไก่ไข่,บาท/ตัว,27,28,27.5
11 ต.ค. 2564,ขายส่ง,ลูกไก่ไข่,บาท/ตัว,27,28,27.5
12 ต.ค. 2564,ขายส่ง,ลูกไก่ไข่,บาท/ตัว,27,28,27.5
14 ต.ค. 2564,ขายส่ง,ลูกไก่ไข่,บาท/ตัว,27,28,27.5
15 ต.ค. 2564,ขายส่ง,ลูกไก่ไข่,บาท/ตัว,27,28,27.5
18 ต.ค. 2564,ขายส่ง,ลูกไก่ไข่,บาท/ตัว,27,28,27.5
19 ต.ค. 2564,ขายส่ง,ลูกไก่ไข่,บาท/ตัว,27,28,27.5
20 ต.ค. 2564,ขายส่ง,ลูกไก่ไข่,บาท/ตัว,27,28,27.5
25 ต.ค. 2564,ขายส่ง,ลูกไก่ไข่,บาท/ตัว,27,28,27.5
26 ต.ค. 2564,ขายส่ง,ลูกไก่ไข่,บาท/ตัว,27,28,27.5
27 ต.ค. 2564,ขายส่ง,ลูกไก่ไข่,บาท/ตัว,27,28,27.5
28 ต.ค. 2564,ขายส่ง,ลูกไก่ไข่,บาท/ตัว,27,28,27.5
29 ต.ค. 2564,ขายส่ง,ลูกไก่ไข่,บาท/ตัว,27,28,27.5
1 พ.ย. 2564,ขายส่ง,ลูกไก่ไข่,บาท/ตัว,27,28,27.5
2 พ.ย. 2564,ขายส่ง,ลูกไก่ไข่,บาท/ตัว,27,28,27.5
3 พ.ย. 2564,ขายส่ง,ลูกไก่ไข่,บาท/ตัว,27,28,27.5
4 พ.ย. 2564,ขายส่ง,ลูกไก่ไข่,บาท/ตัว,27,28,27.5
5 พ.ย. 2564,ขายส่ง,ลูกไก่ไข่,บาท/ตัว,27,28,27.5
8 พ.ย. 2564,ขายส่ง,ลูกไก่ไข่,บาท/ตัว,27,28,27.5
9 พ.ย. 2564,ขายส่ง,ลูกไก่ไข่,บาท/ตัว,27,28,27.5
10 พ.ย. 2564,ขายส่ง,ลูกไก่ไข่,บาท/ตัว,27,28,27.5
11 พ.ย. 2564,ขายส่ง,ลูกไก่ไข่,บาท/ตัว,27,28,27.5
12 พ.ย. 2564,ขายส่ง,ลูกไก่ไข่,บาท/ตัว,27,28,27.5
15 พ.ย. 2564,ขายส่ง,ลูกไก่ไข่,บาท/ตัว,27,28,27.5
16 พ.ย. 2564,ขายส่ง,ลูกไก่ไข่,บาท/ตัว,27,28,27.5
17 พ.ย. 2564,ขายส่ง,ลูกไก่ไข่,บาท/ตัว,27,28,27.5
18 พ.ย. 2564,ขายส่ง,ลูกไก่ไข่,บาท/ตัว,27,28,27.5
19 พ.ย. 2564,ขายส่ง,ลูกไก่ไข่,บาท/ตัว,27,28,27.5
22 พ.ย. 2564,ขายส่ง,ลูกไก่ไข่,บาท/ตัว,27,28,27.5
23 พ.ย. 2564,ขายส่ง,ลูกไก่ไข่,บาท/ตัว,27,28,27.5
24 พ.ย. 2564,ขายส่ง,ลูกไก่ไข่,บาท/ตัว,27,28,27.5
25 พ.ย. 2564,ขายส่ง,ลูกไก่ไข่,บาท/ตัว,27,28,27.5
26 พ.ย. 2564,ขายส่ง,ลูกไก่ไข่,บาท/ตัว,27,28,27.5
29 พ.ย. 2564,ขายส่ง,ลูกไก่ไข่,บาท/ตัว,27,28,27.5
30 พ.ย. 2564,ขายส่ง,ลูกไก่ไข่,บาท/ตัว,27,28,27.5
1 ธ.ค. 2564,ขายส่ง,ลูกไก่ไข่,บาท/ตัว,27,28,27.5
2 ธ.ค. 2564,ขายส่ง,ลูกไก่ไข่,บาท/ตัว,27,28,27.5
3 ธ.ค. 2564,ขายส่ง,ลูกไก่ไข่,บาท/ตัว,27,28,27.5
7 ธ.ค. 2564,ขายส่ง,ลูกไก่ไข่,บาท/ตัว,27,28,27.5
8 ธ.ค. 2564,ขายส่ง,ลูกไก่ไข่,บาท/ตัว,27,28,27.5
9 ธ.ค. 2564,ขายส่ง,ลูกไก่ไข่,บาท/ตัว,27,28,27.5
13 ธ.ค. 2564,ขายส่ง,ลูกไก่ไข่,บาท/ตัว,27,28,27.5
14 ธ.ค. 2564,ขายส่ง,ลูกไก่ไข่,บาท/ตัว,27,28,27.5
15 ธ.ค. 2564,ขายส่ง,ลูกไก่ไข่,บาท/ตัว,27,28,27.5
16 ธ.ค. 2564,ขายส่ง,ลูกไก่ไข่,บาท/ตัว,27,28,27.5
17 ธ.ค. 2564,ขายส่ง,ลูกไก่ไข่,บาท/ตัว,27,28,27.5
20 ธ.ค. 2564,ขายส่ง,ลูกไก่ไข่,บาท/ตัว,27,28,27.5
21 ธ.ค. 2564,ขายส่ง,ลูกไก่ไข่,บาท/ตัว,27,28,27.5
22 ธ.ค. 2564,ขายส่ง,ลูกไก่ไข่,บาท/ตัว,27,28,27.5
23 ธ.ค. 2564,ขายส่ง,ลูกไก่ไข่,บาท/ตัว,27,28,27.5
24 ธ.ค. 2564,ขายส่ง,ลูกไก่ไข่,บาท/ตัว,27,28,27.5
27 ธ.ค. 2564,ขายส่ง,ลูกไก่ไข่,บาท/ตัว,27,28,27.5
28 ธ.ค. 2564,ขายส่ง,ลูกไก่ไข่,บาท/ตัว,27,28,27.5
29 ธ.ค. 2564,ขายส่ง,ลูกไก่ไข่,บาท/ตัว,27,28,27.5
30 ธ.ค. 2564,ขายส่ง,ลูกไก่ไข่,บาท/ตัว,27,28,27.5
4 ม.ค. 2565,ขายส่ง,ลูกไก่ไข่,บาท/ตัว,27,28,27.5
5 ม.ค. 2565,ขายส่ง,ลูกไก่ไข่,บาท/ตัว,27,28,27.5
6 ม.ค. 2565,ขายส่ง,ลูกไก่ไข่,บาท/ตัว,27,28,27.5
7 ม.ค. 2565,ขายส่ง,ลูกไก่ไข่,บาท/ตัว,27,28,27.5
10 ม.ค. 2565,ขายส่ง,ลูกไก่ไข่,บาท/ตัว,27,28,27.5
11 ม.ค. 2565,ขายส่ง,ลูกไก่ไข่,บาท/ตัว,27,28,27.5
12 ม.ค. 2565,ขายส่ง,ลูกไก่ไข่,บาท/ตัว,27,28,27.5
13 ม.ค. 2565,ขายส่ง,ลูกไก่ไข่,บาท/ตัว,27,28,27.5
14 ม.ค. 2565,ขายส่ง,ลูกไก่ไข่,บาท/ตัว,27,28,27.5
17 ม.ค. 2565,ขายส่ง,ลูกไก่ไข่,บาท/ตัว,25,26,25.5
18 ม.ค. 2565,ขายส่ง,ลูกไก่ไข่,บาท/ตัว,25,26,25.5
19 ม.ค. 2565,ขายส่ง,ลูกไก่ไข่,บาท/ตัว,25,26,25.5
20 ม.ค. 2565,ขายส่ง,ลูกไก่ไข่,บาท/ตัว,25,26,25.5
21 ม.ค. 2565,ขายส่ง,ลูกไก่ไข่,บาท/ตัว,25,26,25.5
24 ม.ค. 2565,ขายส่ง,ลูกไก่ไข่,บาท/ตัว,25,26,25.5
25 ม.ค. 2565,ขายส่ง,ลูกไก่ไข่,บาท/ตัว,25,26,25.5
26 ม.ค. 2565,ขายส่ง,ลูกไก่ไข่,บาท/ตัว,25,26,25.5
27 ม.ค. 2565,ขายส่ง,ลูกไก่ไข่,บาท/ตัว,25,26,25.5
28 ม.ค. 2565,ขายส่ง,ลูกไก่ไข่,บาท/ตัว,25,26,25.5
31 ม.ค. 2565,ขายส่ง,ลูกไก่ไข่,บาท/ตัว,25,26,25.5
1 ก.พ. 2565,ขายส่ง,ลูกไก่ไข่,บาท/ตัว,25,26,25.5
2 ก.พ. 2565,ขายส่ง,ลูกไก่ไข่,บาท/ตัว,25,26,25.5
3 ก.พ. 2565,ขายส่ง,ลูกไก่ไข่,บาท/ตัว,25,26,25.5
4 ก.พ. 2565,ขายส่ง,ลูกไก่ไข่,บาท/ตัว,25,26,25.5
7 ก.พ. 2565,ขายส่ง,ลูกไก่ไข่,บาท/ตัว,25,26,25.5
8 ก.พ. 2565,ขายส่ง,ลูกไก่ไข่,บาท/ตัว,25,26,25.5
9 ก.พ. 2565,ขายส่ง,ลูกไก่ไข่,บาท/ตัว,25,26,25.5
10 ก.พ. 2565,ขายส่ง,ลูกไก่ไข่,บาท/ตัว,25,26,25.5
11 ก.พ. 2565,ขายส่ง,ลูกไก่ไข่,บาท/ตัว,25,26,25.5
14 ก.พ. 2565,ขายส่ง,ลูกไก่ไข่,บาท/ตัว,25,26,25.5
15 ก.พ. 2565,ขายส่ง,ลูกไก่ไข่,บาท/ตัว,25,26,25.5
17 ก.พ. 2565,ขายส่ง,ลูกไก่ไข่,บาท/ตัว,25,26,25.5
18 ก.พ. 2565,ขายส่ง,ลูกไก่ไข่,บาท/ตัว,25,26,25.5
21 ก.พ. 2565,ขายส่ง,ลูกไก่ไข่,บาท/ตัว,25,26,25.5
22 ก.พ. 2565,ขายส่ง,ลูกไก่ไข่,บาท/ตัว,25,26,25.5
23 ก.พ. 2565,ขายส่ง,ลูกไก่ไข่,บาท/ตัว,25,26,25.5
24 ก.พ. 2565,ขายส่ง,ลูกไก่ไข่,บาท/ตัว,25,26,25.5
25 ก.พ. 2565,ขายส่ง,ลูกไก่ไข่,บาท/ตัว,25,26,25.5
28 ก.พ. 2565,ขายส่ง,ลูกไก่ไข่,บาท/ตัว,25,26,25.5
1 มี.ค. 2565,ขายส่ง,ลูกไก่ไข่,บาท/ตัว,25,26,25.5
2 มี.ค. 2565,ขายส่ง,ลูกไก่ไข่,บาท/ตัว,25,26,25.5
3 มี.ค. 2565,ขายส่ง,ลูกไก่ไข่,บาท/ตัว,25,26,25.5
4 มี.ค. 2565,ขายส่ง,ลูกไก่ไข่,บาท/ตัว,25,26,25.5
7 มี.ค. 2565,ขายส่ง,ลูกไก่ไข่,บาท/ตัว,25,26,25.5
8 มี.ค. 2565,ขายส่ง,ลูกไก่ไข่,บาท/ตัว,25,26,25.5
9 มี.ค. 2565,ขายส่ง,ลูกไก่ไข่,บาท/ตัว,25,26,25.5
10 มี.ค. 2565,ขายส่ง,ลูกไก่ไข่,บาท/ตัว,25,26,25.5
11 มี.ค. 2565,ขายส่ง,ลูกไก่ไข่,บาท/ตัว,25,26,25.5
14 มี.ค. 2565,ขายส่ง,ลูกไก่ไข่,บาท/ตัว,25,26,25.5
15 มี.ค. 2565,ขายส่ง,ลูกไก่ไข่,บาท/ตัว,25,26,25.5
16 มี.ค. 2565,ขายส่ง,ลูกไก่ไข่,บาท/ตัว,25,26,25.5
17 มี.ค. 2565,ขายส่ง,ลูกไก่ไข่,บาท/ตัว,25,26,25.5
18 มี.ค. 2565,ขายส่ง,ลูกไก่ไข่,บาท/ตัว,25,26,25.5
21 มี.ค. 2565,ขายส่ง,ลูกไก่ไข่,บาท/ตัว,25,26,25.5
22 มี.ค. 2565,ขายส่ง,ลูกไก่ไข่,บาท/ตัว,25,26,25.5
23 มี.ค. 2565,ขายส่ง,ลูกไก่ไข่,บาท/ตัว,25,26,25.5
24 มี.ค. 2565,ขายส่ง,ลูกไก่ไข่,บาท/ตัว,25,26,25.5
25 มี.ค. 2565,ขายส่ง,ลูกไก่ไข่,บาท/ตัว,25,26,25.5
28 มี.ค. 2565,ขายส่ง,ลูกไก่ไข่,บาท/ตัว,25,26,25.5
29 มี.ค. 2565,ขายส่ง,ลูกไก่ไข่,บาท/ตัว,25,26,25.5
30 มี.ค. 2565,ขายส่ง,ลูกไก่ไข่,บาท/ตัว,25,26,25.5
31 มี.ค. 2565,ขายส่ง,ลูกไก่ไข่,บาท/ตัว,25,26,25.5
1 เม.ย. 2565,ขายส่ง,ลูกไก่ไข่,บาท/ตัว,25,26,25.5
4 เม.ย. 2565,ขายส่ง,ลูกไก่ไข่,บาท/ตัว,25,26,25.5
5 เม.ย. 2565,ขายส่ง,ลูกไก่ไข่,บาท/ตัว,25,26,25.5
7 เม.ย. 2565,ขายส่ง,ลูกไก่ไข่,บาท/ตัว,25,26,25.5
8 เม.ย. 2565,ขายส่ง,ลูกไก่ไข่,บาท/ตัว,25,26,25.5
11 เม.ย. 2565,ขายส่ง,ลูกไก่ไข่,บาท/ตัว,25,26,25.5
12 เม.ย. 2565,ขายส่ง,ลูกไก่ไข่,บาท/ตัว,25,26,25.5
18 เม.ย. 2565,ขายส่ง,ลูกไก่ไข่,บาท/ตัว,25,26,25.5
19 เม.ย. 2565,ขายส่ง,ลูกไก่ไข่,บาท/ตัว,25,26,25.5
20 เม.ย. 2565,ขายส่ง,ลูกไก่ไข่,บาท/ตัว,25,26,25.5
21 เม.ย. 2565,ขายส่ง,ลูกไก่ไข่,บาท/ตัว,25,26,25.5
22 เม.ย. 2565,ขายส่ง,ลูกไก่ไข่,บาท/ตัว,25,26,25.5
25 เม.ย. 2565,ขายส่ง,ลูกไก่ไข่,บาท/ตัว,25,26,25.5
26 เม.ย. 2565,ขายส่ง,ลูกไก่ไข่,บาท/ตัว,25,26,25.5
27 เม.ย. 2565,ขายส่ง,ลูกไก่ไข่,บาท/ตัว,25,26,25.5
28 เม.ย. 2565,ขายส่ง,ลูกไก่ไข่,บาท/ตัว,25,26,25.5
29 เม.ย. 2565,ขายส่ง,ลูกไก่ไข่,บาท/ตัว,25,26,25.5
2 พ.ค. 2565,ขายส่ง,ลูกไก่ไข่,บาท/ตัว,25,26,25.5
3 พ.ค. 2565,ขายส่ง,ลูกไก่ไข่,บาท/ตัว,25,26,25.5
5 พ.ค. 2565,ขายส่ง,ลูกไก่ไข่,บาท/ตัว,25,26,25.5
6 พ.ค. 2565,ขายส่ง,ลูกไก่ไข่,บาท/ตัว,25,26,25.5
9 พ.ค. 2565,ขายส่ง,ลูกไก่ไข่,บาท/ตัว,25,26,25.5
10 พ.ค. 2565,ขายส่ง,ลูกไก่ไข่,บาท/ตัว,25,26,25.5
11 พ.ค. 2565,ขายส่ง,ลูกไก่ไข่,บาท/ตัว,25,26,25.5
12 พ.ค. 2565,ขายส่ง,ลูกไก่ไข่,บาท/ตัว,25,26,25.5
17 พ.ค. 2565,ขายส่ง,ลูกไก่ไข่,บาท/ตัว,25,26,25.5
18 พ.ค. 2565,ขายส่ง,ลูกไก่ไข่,บาท/ตัว,25,26,25.5
19 พ.ค. 2565,ขายส่ง,ลูกไก่ไข่,บาท/ตัว,25,26,25.5
20 พ.ค. 2565,ขายส่ง,ลูกไก่ไข่,บาท/ตัว,25,26,25.5
23 พ.ค. 2565,ขายส่ง,ลูกไก่ไข่,บาท/ตัว,25,26,25.5
24 พ.ค. 2565,ขายส่ง,ลูกไก่ไข่,บาท/ตัว,25,26,25.5
25 พ.ค. 2565,ขายส่ง,ลูกไก่ไข่,บาท/ตัว,25,26,25.5
26 พ.ค. 2565,ขายส่ง,ลูกไก่ไข่,บาท/ตัว,25,26,25.5
27 พ.ค. 2565,ขายส่ง,ลูกไก่ไข่,บาท/ตัว,25,26,25.5
30 พ.ค. 2565,ขายส่ง,ลูกไก่ไข่,บาท/ตัว,25,26,25.5
31 พ.ค. 2565,ขายส่ง,ลูกไก่ไข่,บาท/ตัว,25,26,25.5
1 มิ.ย. 2565,ขายส่ง,ลูกไก่ไข่,บาท/ตัว,25,26,25.5
2 มิ.ย. 2565,ขายส่ง,ลูกไก่ไข่,บาท/ตัว,25,26,25.5
6 มิ.ย. 2565,ขายส่ง,ลูกไก่ไข่,บาท/ตัว,25,26,25.5
7 มิ.ย. 2565,ขายส่ง,ลูกไก่ไข่,บาท/ตัว,25,26,25.5
8 มิ.ย. 2565,ขายส่ง,ลูกไก่ไข่,บาท/ตัว,25,26,25.5
9 มิ.ย. 2565,ขายส่ง,ลูกไก่ไข่,บาท/ตัว,25,26,25.5
10 มิ.ย. 2565,ขายส่ง,ลูกไก่ไข่,บาท/ตัว,25,26,25.5
13 มิ.ย. 2565,ขายส่ง,ลูกไก่ไข่,บาท/ตัว,25,26,25.5
14 มิ.ย. 2565,ขายส่ง,ลูกไก่ไข่,บาท/ตัว,25,26,25.5
15 มิ.ย. 2565,ขายส่ง,ลูกไก่ไข่,บาท/ตัว,25,26,25.5
16 มิ.ย. 2565,ขายส่ง,ลูกไก่ไข่,บาท/ตัว,25,26,25.5
17 มิ.ย. 2565,ขายส่ง,ลูกไก่ไข่,บาท/ตัว,25,26,25.5
20 มิ.ย. 2565,ขายส่ง,ลูกไก่ไข่,บาท/ตัว,25,26,25.5
21 มิ.ย. 2565,ขายส่ง,ลูกไก่ไข่,บาท/ตัว,25,26,25.5
22 มิ.ย. 2565,ขายส่ง,ลูกไก่ไข่,บาท/ตัว,25,26,25.5
23 มิ.ย. 2565,ขายส่ง,ลูกไก่ไข่,บาท/ตัว,25,26,25.5
24 มิ.ย. 2565,ขายส่ง,ลูกไก่ไข่,บาท/ตัว,25,26,25.5
27 มิ.ย. 2565,ขายส่ง,ลูกไก่ไข่,บาท/ตัว,25,26,25.5
28 มิ.ย. 2565,ขายส่ง,ลูกไก่ไข่,บาท/ตัว,25,26,25.5
29 มิ.ย. 2565,ขายส่ง,ลูกไก่ไข่,บาท/ตัว,25,26,25.5
30 มิ.ย. 2565,ขายส่ง,ลูกไก่ไข่,บาท/ตัว,25,26,25.5
1 ก.ค. 2565,ขายส่ง,ลูกไก่ไข่,บาท/ตัว,25,26,25.5
4 ก.ค. 2565,ขายส่ง,ลูกไก่ไข่,บาท/ตัว,25,26,25.5
5 ก.ค. 2565,ขายส่ง,ลูกไก่ไข่,บาท/ตัว,25,26,25.5
6 ก.ค. 2565,ขายส่ง,ลูกไก่ไข่,บาท/ตัว,25,26,25.5
7 ก.ค. 2565,ขายส่ง,ลูกไก่ไข่,บาท/ตัว,25,26,25.5
8 ก.ค. 2565,ขายส่ง,ลูกไก่ไข่,บาท/ตัว,25,26,25.5
11 ก.ค. 2565,ขายส่ง,ลูกไก่ไข่,บาท/ตัว,25,26,25.5
12 ก.ค. 2565,ขายส่ง,ลูกไก่ไข่,บาท/ตัว,25,26,25.5
18 ก.ค. 2565,ขายส่ง,ลูกไก่ไข่,บาท/ตัว,25,26,25.5
19 ก.ค. 2565,ขายส่ง,ลูกไก่ไข่,บาท/ตัว,25,26,25.5
20 ก.ค. 2565,ขายส่ง,ลูกไก่ไข่,บาท/ตัว,25,26,25.5
21 ก.ค. 2565,ขายส่ง,ลูกไก่ไข่,บาท/ตัว,25,26,25.5
22 ก.ค. 2565,ขายส่ง,ลูกไก่ไข่,บาท/ตัว,25,26,25.5
25 ก.ค. 2565,ขายส่ง,ลูกไก่ไข่,บาท/ตัว,25,26,25.5
26 ก.ค. 2565,ขายส่ง,ลูกไก่ไข่,บาท/ตัว,25,26,25.5
27 ก.ค. 2565,ขายส่ง,ลูกไก่ไข่,บาท/ตัว,25,26,25.5
1 ส.ค. 2565,ขายส่ง,ลูกไก่ไข่,บาท/ตัว,25,26,25.5
2 ส.ค. 2565,ขายส่ง,ลูกไก่ไข่,บาท/ตัว,25,26,25.5
3 ส.ค. 2565,ขายส่ง,ลูกไก่ไข่,บาท/ตัว,25,26,25.5
4 ส.ค. 2565,ขายส่ง,ลูกไก่ไข่,บาท/ตัว,25,26,25.5
5 ส.ค. 2565,ขายส่ง,ลูกไก่ไข่,บาท/ตัว,25,26,25.5
8 ส.ค. 2565,ขายส่ง,ลูกไก่ไข่,บาท/ตัว,27,28,27.5
9 ส.ค. 2565,ขายส่ง,ลูกไก่ไข่,บาท/ตัว,27,28,27.5
10 ส.ค. 2565,ขายส่ง,ลูกไก่ไข่,บาท/ตัว,27,28,27.5
11 ส.ค. 2565,ขายส่ง,ลูกไก่ไข่,บาท/ตัว,27,28,27.5
15 ส.ค. 2565,ขายส่ง,ลูกไก่ไข่,บาท/ตัว,27,28,27.5
16 ส.ค. 2565,ขายส่ง,ลูกไก่ไข่,บาท/ตัว,27,28,27.5
17 ส.ค. 2565,ขายส่ง,ลูกไก่ไข่,บาท/ตัว,27,28,27.5
18 ส.ค. 2565,ขายส่ง,ลูกไก่ไข่,บาท/ตัว,27,28,27.5
22 ส.ค. 2565,ขายส่ง,ลูกไก่ไข่,บาท/ตัว,27,28,27.5
23 ส.ค. 2565,ขายส่ง,ลูกไก่ไข่,บาท/ตัว,27,28,27.5
24 ส.ค. 2565,ขายส่ง,ลูกไก่ไข่,บาท/ตัว,27,28,27.5
25 ส.ค. 2565,ขายส่ง,ลูกไก่ไข่,บาท/ตัว,27,28,27.5
26 ส.ค. 2565,ขายส่ง,ลูกไก่ไข่,บาท/ตัว,27,28,27.5
29 ส.ค. 2565,ขายส่ง,ลูกไก่ไข่,บาท/ตัว,27,28,27.5
30 ส.ค. 2565,ขายส่ง,ลูกไก่ไข่,บาท/ตัว,27,28,27.5
31 ส.ค. 2565,ขายส่ง,ลูกไก่ไข่,บาท/ตัว,27,28,27.5
1 ก.ย. 2565,ขายส่ง,ลูกไก่ไข่,บาท/ตัว,27,28,27.5
2 ก.ย. 2565,ขายส่ง,ลูกไก่ไข่,บาท/ตัว,27,28,27.5
5 ก.ย. 2565,ขายส่ง,ลูกไก่ไข่,บาท/ตัว,27,28,27.5
6 ก.ย. 2565,ขายส่ง,ลูกไก่ไข่,บาท/ตัว,27,28,27.5
7 ก.ย. 2565,ขายส่ง,ลูกไก่ไข่,บาท/ตัว,27,28,27.5
8 ก.ย. 2565,ขายส่ง,ลูกไก่ไข่,บาท/ตัว,27,28,27.5
9 ก.ย. 2565,ขายส่ง,ลูกไก่ไข่,บาท/ตัว,27,28,27.5
12 ก.ย. 2565,ขายส่ง,ลูกไก่ไข่,บาท/ตัว,27,28,27.5
13 ก.ย. 2565,ขายส่ง,ลูกไก่ไข่,บาท/ตัว,27,28,27.5
14 ก.ย. 2565,ขายส่ง,ลูกไก่ไข่,บาท/ตัว,27,28,27.5
15 ก.ย. 2565,ขายส่ง,ลูกไก่ไข่,บาท/ตัว,27,28,27.5
16 ก.ย. 2565,ขายส่ง,ลูกไก่ไข่,บาท/ตัว,27,28,27.5
19 ก.ย. 2565,ขายส่ง,ลูกไก่ไข่,บาท/ตัว,27,28,27.5
20 ก.ย. 2565,ขายส่ง,ลูกไก่ไข่,บาท/ตัว,27,28,27.5
21 ก.ย. 2565,ขายส่ง,ลูกไก่ไข่,บาท/ตัว,27,28,27.5
22 ก.ย. 2565,ขายส่ง,ลูกไก่ไข่,บาท/ตัว,27,28,27.5
23 ก.ย. 2565,ขายส่ง,ลูกไก่ไข่,บาท/ตัว,27,28,27.5
26 ก.ย. 2565,ขายส่ง,ลูกไก่ไข่,บาท/ตัว,27,28,27.5
27 ก.ย. 2565,ขายส่ง,ลูกไก่ไข่,บาท/ตัว,27,28,27.5
28 ก.ย. 2565,ขายส่ง,ลูกไก่ไข่,บาท/ตัว,27,28,27.5
29 ก.ย. 2565,ขายส่ง,ลูกไก่ไข่,บาท/ตัว,27,28,27.5
30 ก.ย. 2565,ขายส่ง,ลูกไก่ไข่,บาท/ตัว,27,28,27.5
3 ต.ค. 2565,ขายส่ง,ลูกไก่ไข่,บาท/ตัว,27,28,27.5
4 ต.ค. 2565,ขายส่ง,ลูกไก่ไข่,บาท/ตัว,27,28,27.5
5 ต.ค. 2565,ขายส่ง,ลูกไก่ไข่,บาท/ตัว,27,28,27.5
6 ต.ค. 2565,ขายส่ง,ลูกไก่ไข่,บาท/ตัว,27,28,27.5
7 ต.ค. 2565,ขายส่ง,ลูกไก่ไข่,บาท/ตัว,27,28,27.5
10 ต.ค. 2565,ขายส่ง,ลูกไก่ไข่,บาท/ตัว,27,28,27.5
11 ต.ค. 2565,ขายส่ง,ลูกไก่ไข่,บาท/ตัว,27,28,27.5
12 ต.ค. 2565,ขายส่ง,ลูกไก่ไข่,บาท/ตัว,27,28,27.5
17 ต.ค. 2565,ขายส่ง,ลูกไก่ไข่,บาท/ตัว,27,28,27.5
18 ต.ค. 2565,ขายส่ง,ลูกไก่ไข่,บาท/ตัว,27,28,27.5
19 ต.ค. 2565,ขายส่ง,ลูกไก่ไข่,บาท/ตัว,27,28,27.5
20 ต.ค. 2565,ขายส่ง,ลูกไก่ไข่,บาท/ตัว,27,28,27.5
21 ต.ค. 2565,ขายส่ง,ลูกไก่ไข่,บาท/ตัว,27,28,27.5
25 ต.ค. 2565,ขายส่ง,ลูกไก่ไข่,บาท/ตัว,27,28,27.5
26 ต.ค. 2565,ขายส่ง,ลูกไก่ไข่,บาท/ตัว,27,28,27.5
27 ต.ค. 2565,ขายส่ง,ลูกไก่ไข่,บาท/ตัว,27,28,27.5
28 ต.ค. 2565,ขายส่ง,ลูกไก่ไข่,บาท/ตัว,27,28,27.5
31 ต.ค. 2565,ขายส่ง,ลูกไก่ไข่,บาท/ตัว,27,28,27.5
1 พ.ย. 2565,ขายส่ง,ลูกไก่ไข่,บาท/ตัว,27,28,27.5
2 พ.ย. 2565,ขายส่ง,ลูกไก่ไข่,บาท/ตัว,27,28,27.5
3 พ.ย. 2565,ขายส่ง,ลูกไก่ไข่,บาท/ตัว,27,28,27.5
4 พ.ย. 2565,ขายส่ง,ลูกไก่ไข่,บาท/ตัว,27,28,27.5
7 พ.ย. 2565,ขายส่ง,ลูกไก่ไข่,บาท/ตัว,27,28,27.5
8 พ.ย. 2565,ขายส่ง,ลูกไก่ไข่,บาท/ตัว,27,28,27.5
9 พ.ย. 2565,ขายส่ง,ลูกไก่ไข่,บาท/ตัว,27,28,27.5
10 พ.ย. 2565,ขายส่ง,ลูกไก่ไข่,บาท/ตัว,27,28,27.5
11 พ.ย. 2565,ขายส่ง,ลูกไก่ไข่,บาท/ตัว,27,28,27.5
14 พ.ย. 2565,ขายส่ง,ลูกไก่ไข่,บาท/ตัว,27,28,27.5
15 พ.ย. 2565,ขายส่ง,ลูกไก่ไข่,บาท/ตัว,27,28,27.5
21 พ.ย. 2565,ขายส่ง,ลูกไก่ไข่,บาท/ตัว,27,28,27.5
22 พ.ย. 2565,ขายส่ง,ลูกไก่ไข่,บาท/ตัว,27,28,27.5
23 พ.ย. 2565,ขายส่ง,ลูกไก่ไข่,บาท/ตัว,27,28,27.5
24 พ.ย. 2565,ขายส่ง,ลูกไก่ไข่,บาท/ตัว,27,28,27.5
25 พ.ย. 2565,ขายส่ง,ลูกไก่ไข่,บาท/ตัว,27,28,27.5
28 พ.ย. 2565,ขายส่ง,ลูกไก่ไข่,บาท/ตัว,27,28,27.5
29 พ.ย. 2565,ขายส่ง,ลูกไก่ไข่,บาท/ตัว,27,28,27.5
30 พ.ย. 2565,ขายส่ง,ลูกไก่ไข่,บาท/ตัว,27,28,27.5
1 ธ.ค. 2565,ขายส่ง,ลูกไก่ไข่,บาท/ตัว,27,28,27.5
2 ธ.ค. 2565,ขายส่ง,ลูกไก่ไข่,บาท/ตัว,27,28,27.5
6 ธ.ค. 2565,ขายส่ง,ลูกไก่ไข่,บาท/ตัว,27,28,27.5
7 ธ.ค. 2565,ขายส่ง,ลูกไก่ไข่,บาท/ตัว,27,28,27.5
8 ธ.ค. 2565,ขายส่ง,ลูกไก่ไข่,บาท/ตัว,27,28,27.5
9 ธ.ค. 2565,ขายส่ง,ลูกไก่ไข่,บาท/ตัว,27,28,27.5
13 ธ.ค. 2565,ขายส่ง,ลูกไก่ไข่,บาท/ตัว,27,28,27.5
14 ธ.ค. 2565,ขายส่ง,ลูกไก่ไข่,บาท/ตัว,27,28,27.5
15 ธ.ค. 2565,ขายส่ง,ลูกไก่ไข่,บาท/ตัว,27,28,27.5
16 ธ.ค. 2565,ขายส่ง,ลูกไก่ไข่,บาท/ตัว,27,28,27.5
19 ธ.ค. 2565,ขายส่ง,ลูกไก่ไข่,บาท/ตัว,27,28,27.5
20 ธ.ค. 2565,ขายส่ง,ลูกไก่ไข่,บาท/ตัว,27,28,27.5
21 ธ.ค. 2565,ขายส่ง,ลูกไก่ไข่,บาท/ตัว,27,28,27.5
22 ธ.ค. 2565,ขายส่ง,ลูกไก่ไข่,บาท/ตัว,27,28,27.5
23 ธ.ค. 2565,ขายส่ง,ลูกไก่ไข่,บาท/ตัว,27,28,27.5
26 ธ.ค. 2565,ขายส่ง,ลูกไก่ไข่,บาท/ตัว,27,28,27.5
27 ธ.ค. 2565,ขายส่ง,ลูกไก่ไข่,บาท/ตัว,27,28,27.5
28 ธ.ค. 2565,ขายส่ง,ลูกไก่ไข่,บาท/ตัว,27,28,27.5
29 ธ.ค. 2565,ขายส่ง,ลูกไก่ไข่,บาท/ตัว,27,28,27.5
3 ม.ค. 2566,ขายส่ง,ลูกไก่ไข่,บาท/ตัว,27,28,27.5
4 ม.ค. 2566,ขายส่ง,ลูกไก่ไข่,บาท/ตัว,27,28,27.5
5 ม.ค. 2566,ขายส่ง,ลูกไก่ไข่,บาท/ตัว,27,28,27.5
6 ม.ค. 2566,ขายส่ง,ลูกไก่ไข่,บาท/ตัว,27,28,27.5
9 ม.ค. 2566,ขายส่ง,ลูกไก่ไข่,บาท/ตัว,27,28,27.5
10 ม.ค. 2566,ขายส่ง,ลูกไก่ไข่,บาท/ตัว,27,28,27.5
11 ม.ค. 2566,ขายส่ง,ลูกไก่ไข่,บาท/ตัว,27,28,27.5
12 ม.ค. 2566,ขายส่ง,ลูกไก่ไข่,บาท/ตัว,27,28,27.5
13 ม.ค. 2566,ขายส่ง,ลูกไก่ไข่,บาท/ตัว,27,28,27.5
16 ม.ค. 2566,ขายส่ง,ลูกไก่ไข่,บาท/ตัว,27,28,27.5
17 ม.ค. 2566,ขายส่ง,ลูกไก่ไข่,บาท/ตัว,27,28,27.5
18 ม.ค. 2566,ขายส่ง,ลูกไก่ไข่,บาท/ตัว,27,28,27.5
19 ม.ค. 2566,ขายส่ง,ลูกไก่ไข่,บาท/ตัว,27,28,27.5
20 ม.ค. 2566,ขายส่ง,ลูกไก่ไข่,บาท/ตัว,27,28,27.5
23 ม.ค. 2566,ขายส่ง,ลูกไก่ไข่,บาท/ตัว,27,28,27.5
24 ม.ค. 2566,ขายส่ง,ลูกไก่ไข่,บาท/ตัว,27,28,27.5
25 ม.ค. 2566,ขายส่ง,ลูกไก่ไข่,บาท/ตัว,27,28,27.5
26 ม.ค. 2566,ขายส่ง,ลูกไก่ไข่,บาท/ตัว,27,28,27.5
27 ม.ค. 2566,ขายส่ง,ลูกไก่ไข่,บาท/ตัว,27,28,27.5
30 ม.ค. 2566,ขายส่ง,ลูกไก่ไข่,บาท/ตัว,27,28,27.5
31 ม.ค. 2566,ขายส่ง,ลูกไก่ไข่,บาท/ตัว,27,28,27.5
1 ก.พ. 2566,ขายส่ง,ลูกไก่ไข่,บาท/ตัว,27,28,27.5
2 ก.พ. 2566,ขายส่ง,ลูกไก่ไข่,บาท/ตัว,27,28,27.5
3 ก.พ. 2566,ขายส่ง,ลูกไก่ไข่,บาท/ตัว,27,28,27.5
6 ก.พ. 2566,ขายส่ง,ลูกไก่ไข่,บาท/ตัว,27,28,27.5
7 ก.พ. 2566,ขายส่ง,ลูกไก่ไข่,บาท/ตัว,27,28,27.5
8 ก.พ. 2566,ขายส่ง,ลูกไก่ไข่,บาท/ตัว,27,28,27.5
9 ก.พ. 2566,ขายส่ง,ลูกไก่ไข่,บาท/ตัว,27,28,27.5
10 ก.พ. 2566,ขายส่ง,ลูกไก่ไข่,บาท/ตัว,27,28,27.5
13 ก.พ. 2566,ขายส่ง,ลูกไก่ไข่,บาท/ตัว,27,28,27.5
14 ก.พ. 2566,ขายส่ง,ลูกไก่ไข่,บาท/ตัว,27,28,27.5
15 ก.พ. 2566,ขายส่ง,ลูกไก่ไข่,บาท/ตัว,27,28,27.5
16 ก.พ. 2566,ขายส่ง,ลูกไก่ไข่,บาท/ตัว,27,28,27.5
17 ก.พ. 2566,ขายส่ง,ลูกไก่ไข่,บาท/ตัว,27,28,27.5
20 ก.พ. 2566,ขายส่ง,ลูกไก่ไข่,บาท/ตัว,27,28,27.5
21 ก.พ. 2566,ขายส่ง,ลูกไก่ไข่,บาท/ตัว,27,28,27.5
22 ก.พ. 2566,ขายส่ง,ลูกไก่ไข่,บาท/ตัว,27,28,27.5
23 ก.พ. 2566,ขายส่ง,ลูกไก่ไข่,บาท/ตัว,27,28,27.5
24 ก.พ. 2566,ขายส่ง,ลูกไก่ไข่,บาท/ตัว,27,28,27.5
27 ก.พ. 2566,ขายส่ง,ลูกไก่ไข่,บาท/ตัว,27,28,27.5
28 ก.พ. 2566,ขายส่ง,ลูกไก่ไข่,บาท/ตัว,27,28,27.5
1 มี.ค. 2566,ขายส่ง,ลูกไก่ไข่,บาท/ตัว,27,28,27.5
2 มี.ค. 2566,ขายส่ง,ลูกไก่ไข่,บาท/ตัว,27,28,27.5
3 มี.ค. 2566,ขายส่ง,ลูกไก่ไข่,บาท/ตัว,27,28,27.5
7 มี.ค. 2566,ขายส่ง,ลูกไก่ไข่,บาท/ตัว,27,28,27.5
8 มี.ค. 2566,ขายส่ง,ลูกไก่ไข่,บาท/ตัว,27,28,27.5
9 มี.ค. 2566,ขายส่ง,ลูกไก่ไข่,บาท/ตัว,27,28,27.5
10 มี.ค. 2566,ขายส่ง,ลูกไก่ไข่,บาท/ตัว,27,28,27.5
13 มี.ค. 2566,ขายส่ง,ลูกไก่ไข่,บาท/ตัว,27,28,27.5
14 มี.ค. 2566,ขายส่ง,ลูกไก่ไข่,บาท/ตัว,27,28,27.5
15 มี.ค. 2566,ขายส่ง,ลูกไก่ไข่,บาท/ตัว,27,28,27.5
16 มี.ค. 2566,ขายส่ง,ลูกไก่ไข่,บาท/ตัว,27,28,27.5
17 มี.ค. 2566,ขายส่ง,ลูกไก่ไข่,บาท/ตัว,27,28,27.5
20 มี.ค. 2566,ขายส่ง,ลูกไก่ไข่,บาท/ตัว,27,28,27.5
21 มี.ค. 2566,ขายส่ง,ลูกไก่ไข่,บาท/ตัว,27,28,27.5
22 มี.ค. 2566,ขายส่ง,ลูกไก่ไข่,บาท/ตัว,27,28,27.5
23 มี.ค. 2566,ขายส่ง,ลูกไก่ไข่,บาท/ตัว,27,28,27.5
24 มี.ค. 2566,ขายส่ง,ลูกไก่ไข่,บาท/ตัว,27,28,27.5
27 มี.ค. 2566,ขายส่ง,ลูกไก่ไข่,บาท/ตัว,27,28,27.5
28 มี.ค. 2566,ขายส่ง,ลูกไก่ไข่,บาท/ตัว,27,28,27.5
29 มี.ค. 2566,ขายส่ง,ลูกไก่ไข่,บาท/ตัว,27,28,27.5
30 มี.ค. 2566,ขายส่ง,ลูกไก่ไข่,บาท/ตัว,27,28,27.5
31 มี.ค. 2566,ขายส่ง,ลูกไก่ไข่,บาท/ตัว,27,28,27.5
3 เม.ย. 2566,ขายส่ง,ลูกไก่ไข่,บาท/ตัว,27,28,27.5
4 เม.ย. 2566,ขายส่ง,ลูกไก่ไข่,บาท/ตัว,27,28,27.5
5 เม.ย. 2566,ขายส่ง,ลูกไก่ไข่,บาท/ตัว,27,28,27.5
7 เม.ย. 2566,ขายส่ง,ลูกไก่ไข่,บาท/ตัว,27,28,27.5
10 เม.ย. 2566,ขายส่ง,ลูกไก่ไข่,บาท/ตัว,27,28,27.5
11 เม.ย. 2566,ขายส่ง,ลูกไก่ไข่,บาท/ตัว,27,28,27.5
12 เม.ย. 2566,ขายส่ง,ลูกไก่ไข่,บาท/ตัว,27,28,27.5
18 เม.ย. 2566,ขายส่ง,ลูกไก่ไข่,บาท/ตัว,27,28,27.5
19 เม.ย. 2566,ขายส่ง,ลูกไก่ไข่,บาท/ตัว,27,28,27.5
20 เม.ย. 2566,ขายส่ง,ลูกไก่ไข่,บาท/ตัว,27,28,27.5
21 เม.ย. 2566,ขายส่ง,ลูกไก่ไข่,บาท/ตัว,27,28,27.5
24 เม.ย. 2566,ขายส่ง,ลูกไก่ไข่,บาท/ตัว,27,28,27.5
25 เม.ย. 2566,ขายส่ง,ลูกไก่ไข่,บาท/ตัว,27,28,27.5
26 เม.ย. 2566,ขายส่ง,ลูกไก่ไข่,บาท/ตัว,27,28,27.5
27 เม.ย. 2566,ขายส่ง,ลูกไก่ไข่,บาท/ตัว,27,28,27.5
28 เม.ย. 2566,ขายส่ง,ลูกไก่ไข่,บาท/ตัว,27,28,27.5
1 พ.ค. 2566,ขายส่ง,ลูกไก่ไข่,บาท/ตัว,27,28,27.5
2 พ.ค. 2566,ขายส่ง,ลูกไก่ไข่,บาท/ตัว,27,28,27.5
3 พ.ค. 2566,ขายส่ง,ลูกไก่ไข่,บาท/ตัว,27,28,27.5
8 พ.ค. 2566,ขายส่ง,ลูกไก่ไข่,บาท/ตัว,27,28,27.5
9 พ.ค. 2566,ขายส่ง,ลูกไก่ไข่,บาท/ตัว,27,28,27.5
10 พ.ค. 2566,ขายส่ง,ลูกไก่ไข่,บาท/ตัว,27,28,27.5
11 พ.ค. 2566,ขายส่ง,ลูกไก่ไข่,บาท/ตัว,27,28,27.5
12 พ.ค. 2566,ขายส่ง,ลูกไก่ไข่,บาท/ตัว,27,28,27.5
15 พ.ค. 2566,ขายส่ง,ลูกไก่ไข่,บาท/ตัว,27,28,27.5
16 พ.ค. 2566,ขายส่ง,ลูกไก่ไข่,บาท/ตัว,27,28,27.5
18 พ.ค. 2566,ขายส่ง,ลูกไก่ไข่,บาท/ตัว,27,28,27.5
19 พ.ค. 2566,ขายส่ง,ลูกไก่ไข่,บาท/ตัว,27,28,27.5
22 พ.ค. 2566,ขายส่ง,ลูกไก่ไข่,บาท/ตัว,27,28,27.5
23 พ.ค. 2566,ขายส่ง,ลูกไก่ไข่,บาท/ตัว,27,28,27.5
24 พ.ค. 2566,ขายส่ง,ลูกไก่ไข่,บาท/ตัว,27,28,27.5
25 พ.ค. 2566,ขายส่ง,ลูกไก่ไข่,บาท/ตัว,27,28,27.5
26 พ.ค. 2566,ขายส่ง,ลูกไก่ไข่,บาท/ตัว,27,28,27.5
29 พ.ค. 2566,ขายส่ง,ลูกไก่ไข่,บาท/ตัว,27,28,27.5
30 พ.ค. 2566,ขายส่ง,ลูกไก่ไข่,บาท/ตัว,27,28,27.5
31 พ.ค. 2566,ขายส่ง,ลูกไก่ไข่,บาท/ตัว,27,28,27.5
1 มิ.ย. 2566,ขายส่ง,ลูกไก่ไข่,บาท/ตัว,27,28,27.5
2 มิ.ย. 2566,ขายส่ง,ลูกไก่ไข่,บาท/ตัว,27,28,27.5
6 มิ.ย. 2566,ขายส่ง,ลูกไก่ไข่,บาท/ตัว,27,28,27.5
7 มิ.ย. 2566,ขายส่ง,ลูกไก่ไข่,บาท/ตัว,27,28,27.5
8 มิ.ย. 2566,ขายส่ง,ลูกไก่ไข่,บาท/ตัว,27,28,27.5
9 มิ.ย. 2566,ขายส่ง,ลูกไก่ไข่,บาท/ตัว,27,28,27.5
12 มิ.ย. 2566,ขายส่ง,ลูกไก่ไข่,บาท/ตัว,27,28,27.5
13 มิ.ย. 2566,ขายส่ง,ลูกไก่ไข่,บาท/ตัว,27,28,27.5
14 มิ.ย. 2566,ขายส่ง,ลูกไก่ไข่,บาท/ตัว,27,28,27.5
15 มิ.ย. 2566,ขายส่ง,ลูกไก่ไข่,บาท/ตัว,27,28,27.5
16 มิ.ย. 2566,ขายส่ง,ลูกไก่ไข่,บาท/ตัว,27,28,27.5
19 มิ.ย. 2566,ขายส่ง,ลูกไก่ไข่,บาท/ตัว,27,28,27.5
20 มิ.ย. 2566,ขายส่ง,ลูกไก่ไข่,บาท/ตัว,27,28,27.5
21 มิ.ย. 2566,ขายส่ง,ลูกไก่ไข่,บาท/ตัว,27,28,27.5
22 มิ.ย. 2566,ขายส่ง,ลูกไก่ไข่,บาท/ตัว,27,28,27.5
23 มิ.ย. 2566,ขายส่ง,ลูกไก่ไข่,บาท/ตัว,27,28,27.5
26 มิ.ย. 2566,ขายส่ง,ลูกไก่ไข่,บาท/ตัว,27,28,27.5
27 มิ.ย. 2566,ขายส่ง,ลูกไก่ไข่,บาท/ตัว,27,28,27.5
28 มิ.ย. 2566,ขายส่ง,ลูกไก่ไข่,บาท/ตัว,27,28,27.5
29 มิ.ย. 2566,ขายส่ง,ลูกไก่ไข่,บาท/ตัว,27,28,27.5
30 มิ.ย. 2566,ขายส่ง,ลูกไก่ไข่,บาท/ตัว,27,28,27.5
3 ก.ค. 2566,ขายส่ง,ลูกไก่ไข่,บาท/ตัว,27,28,27.5
4 ก.ค. 2566,ขายส่ง,ลูกไก่ไข่,บาท/ตัว,27,28,27.5
5 ก.ค. 2566,ขายส่ง,ลูกไก่ไข่,บาท/ตัว,27,28,27.5
6 ก.ค. 2566,ขายส่ง,ลูกไก่ไข่,บาท/ตัว,27,28,27.5
7 ก.ค. 2566,ขายส่ง,ลูกไก่ไข่,บาท/ตัว,27,28,27.5
10 ก.ค. 2566,ขายส่ง,ลูกไก่ไข่,บาท/ตัว,27,28,27.5
11 ก.ค. 2566,ขายส่ง,ลูกไก่ไข่,บาท/ตัว,27,28,27.5
12 ก.ค. 2566,ขายส่ง,ลูกไก่ไข่,บาท/ตัว,27,28,27.5
13 ก.ค. 2566,ขายส่ง,ลูกไก่ไข่,บาท/ตัว,27,28,27.5
14 ก.ค. 2566,ขายส่ง,ลูกไก่ไข่,บาท/ตัว,27,28,27.5
17 ก.ค. 2566,ขายส่ง,ลูกไก่ไข่,บาท/ตัว,27,28,27.5
18 ก.ค. 2566,ขายส่ง,ลูกไก่ไข่,บาท/ตัว,27,28,27.5
19 ก.ค. 2566,ขายส่ง,ลูกไก่ไข่,บาท/ตัว,27,28,27.5
20 ก.ค. 2566,ขายส่ง,ลูกไก่ไข่,บาท/ตัว,27,28,27.5
21 ก.ค. 2566,ขายส่ง,ลูกไก่ไข่,บาท/ตัว,27,28,27.5
24 ก.ค. 2566,ขายส่ง,ลูกไก่ไข่,บาท/ตัว,27,28,27.5
25 ก.ค. 2566,ขายส่ง,ลูกไก่ไข่,บาท/ตัว,27,28,27.5
26 ก.ค. 2566,ขายส่ง,ลูกไก่ไข่,บาท/ตัว,27,28,27.5
27 ก.ค. 2566,ขายส่ง,ลูกไก่ไข่,บาท/ตัว,27,28,27.5
3 ส.ค. 2566,ขายส่ง,ลูกไก่ไข่,บาท/ตัว,27,28,27.5
4 ส.ค. 2566,ขายส่ง,ลูกไก่ไข่,บาท/ตัว,27,28,27.5
7 ส.ค. 2566,ขายส่ง,ลูกไก่ไข่,บาท/ตัว,27,28,27.5
8 ส.ค. 2566,ขายส่ง,ลูกไก่ไข่,บาท/ตัว,27,28,27.5
9 ส.ค. 2566,ขายส่ง,ลูกไก่ไข่,บาท/ตัว,27,28,27.5
10 ส.ค. 2566,ขายส่ง,ลูกไก่ไข่,บาท/ตัว,27,28,27.5
11 ส.ค. 2566,ขายส่ง,ลูกไก่ไข่,บาท/ตัว,27,28,27.5
15 ส.ค. 2566,ขายส่ง,ลูกไก่ไข่,บาท/ตัว,27,28,27.5
16 ส.ค. 2566,ขายส่ง,ลูกไก่ไข่,บาท/ตัว,27,28,27.5
17 ส.ค. 2566,ขายส่ง,ลูกไก่ไข่,บาท/ตัว,27,28,27.5
18 ส.ค. 2566,ขายส่ง,ลูกไก่ไข่,บาท/ตัว,27,28,27.5
21 ส.ค. 2566,ขายส่ง,ลูกไก่ไข่,บาท/ตัว,27,28,27.5
22 ส.ค. 2566,ขายส่ง,ลูกไก่ไข่,บาท/ตัว,27,28,27.5
23 ส.ค. 2566,ขายส่ง,ลูกไก่ไข่,บาท/ตัว,27,28,27.5
24 ส.ค. 2566,ขายส่ง,ลูกไก่ไข่,บาท/ตัว,27,28,27.5
25 ส.ค. 2566,ขายส่ง,ลูกไก่ไข่,บาท/ตัว,27,28,27.5
28 ส.ค. 2566,ขายส่ง,ลูกไก่ไข่,บาท/ตัว,27,28,27.5
29 ส.ค. 2566,ขายส่ง,ลูกไก่ไข่,บาท/ตัว,27,28,27.5
30 ส.ค. 2566,ขายส่ง,ลูกไก่ไข่,บาท/ตัว,27,28,27.5
31 ส.ค. 2566,ขายส่ง,ลูกไก่ไข่,บาท/ตัว,27,28,27.5
1 ก.ย. 2566,ขายส่ง,ลูกไก่ไข่,บาท/ตัว,27,28,27.5
4 ก.ย. 2566,ขายส่ง,ลูกไก่ไข่,บาท/ตัว,27,28,27.5
5 ก.ย. 2566,ขายส่ง,ลูกไก่ไข่,บาท/ตัว,27,28,27.5
6 ก.ย. 2566,ขายส่ง,ลูกไก่ไข่,บาท/ตัว,27,28,27.5
7 ก.ย. 2566,ขายส่ง,ลูกไก่ไข่,บาท/ตัว,27,28,27.5
8 ก.ย. 2566,ขายส่ง,ลูกไก่ไข่,บาท/ตัว,27,28,27.5
11 ก.ย. 2566,ขายส่ง,ลูกไก่ไข่,บาท/ตัว,27,28,27.5
12 ก.ย. 2566,ขายส่ง,ลูกไก่ไข่,บาท/ตัว,27,28,27.5
13 ก.ย. 2566,ขายส่ง,ลูกไก่ไข่,บาท/ตัว,27,28,27.5
14 ก.ย. 2566,ขายส่ง,ลูกไก่ไข่,บาท/ตัว,27,28,27.5
15 ก.ย. 2566,ขายส่ง,ลูกไก่ไข่,บาท/ตัว,27,28,27.5
18 ก.ย. 2566,ขายส่ง,ลูกไก่ไข่,บาท/ตัว,27,28,27.5
19 ก.ย. 2566,ขายส่ง,ลูกไก่ไข่,บาท/ตัว,27,28,27.5
20 ก.ย. 2566,ขายส่ง,ลูกไก่ไข่,บาท/ตัว,27,28,27.5
21 ก.ย. 2566,ขายส่ง,ลูกไก่ไข่,บาท/ตัว,27,28,27.5
22 ก.ย. 2566,ขายส่ง,ลูกไก่ไข่,บาท/ตัว,27,28,27.5
25 ก.ย. 2566,ขายส่ง,ลูกไก่ไข่,บาท/ตัว,27,28,27.5
26 ก.ย. 2566,ขายส่ง,ลูกไก่ไข่,บาท/ตัว,27,28,27.5
27 ก.ย. 2566,ขายส่ง,ลูกไก่ไข่,บาท/ตัว,27,28,27.5
28 ก.ย. 2566,ขายส่ง,ลูกไก่ไข่,บาท/ตัว,27,28,27.5
29 ก.ย. 2566,ขายส่ง,ลูกไก่ไข่,บาท/ตัว,27,28,27.5
2 ต.ค. 2566,ขายส่ง,ลูกไก่ไข่,บาท/ตัว,27,28,27.5
3 ต.ค. 2566,ขายส่ง,ลูกไก่ไข่,บาท/ตัว,27,28,27.5
4 ต.ค. 2566,ขายส่ง,ลูกไก่ไข่,บาท/ตัว,27,28,27.5
5 ต.ค. 2566,ขายส่ง,ลูกไก่ไข่,บาท/ตัว,27,28,27.5
6 ต.ค. 2566,ขายส่ง,ลูกไก่ไข่,บาท/ตัว,27,28,27.5
9 ต.ค. 2566,ขายส่ง,ลูกไก่ไข่,บาท/ตัว,27,28,27.5
10 ต.ค. 2566,ขายส่ง,ลูกไก่ไข่,บาท/ตัว,27,28,27.5
11 ต.ค. 2566,ขายส่ง,ลูกไก่ไข่,บาท/ตัว,27,28,27.5
12 ต.ค. 2566,ขายส่ง,ลูกไก่ไข่,บาท/ตัว,27,28,27.5
16 ต.ค. 2566,ขายส่ง,ลูกไก่ไข่,บาท/ตัว,27,28,27.5
17 ต.ค. 2566,ขายส่ง,ลูกไก่ไข่,บาท/ตัว,27,28,27.5
18 ต.ค. 2566,ขายส่ง,ลูกไก่ไข่,บาท/ตัว,27,28,27.5
19 ต.ค. 2566,ขายส่ง,ลูกไก่ไข่,บาท/ตัว,27,28,27.5
20 ต.ค. 2566,ขายส่ง,ลูกไก่ไข่,บาท/ตัว,27,28,27.5
24 ต.ค. 2566,ขายส่ง,ลูกไก่ไข่,บาท/ตัว,27,28,27.5
25 ต.ค. 2566,ขายส่ง,ลูกไก่ไข่,บาท/ตัว,27,28,27.5
26 ต.ค. 2566,ขายส่ง,ลูกไก่ไข่,บาท/ตัว,27,28,27.5
27 ต.ค. 2566,ขายส่ง,ลูกไก่ไข่,บาท/ตัว,27,28,27.5
30 ต.ค. 2566,ขายส่ง,ลูกไก่ไข่,บาท/ตัว,27,28,27.5
31 ต.ค. 2566,ขายส่ง,ลูกไก่ไข่,บาท/ตัว,27,28,27.5
1 พ.ย. 2566,ขายส่ง,ลูกไก่ไข่,บาท/ตัว,27,28,27.5
2 พ.ย. 2566,ขายส่ง,ลูกไก่ไข่,บาท/ตัว,27,28,27.5
3 พ.ย. 2566,ขายส่ง,ลูกไก่ไข่,บาท/ตัว,27,28,27.5
6 พ.ย. 2566,ขายส่ง,ลูกไก่ไข่,บาท/ตัว,27,28,27.5
7 พ.ย. 2566,ขายส่ง,ลูกไก่ไข่,บาท/ตัว,27,28,27.5
8 พ.ย. 2566,ขายส่ง,ลูกไก่ไข่,บาท/ตัว,27,28,27.5
9 พ.ย. 2566,ขายส่ง,ลูกไก่ไข่,บาท/ตัว,27,28,27.5
10 พ.ย. 2566,ขายส่ง,ลูกไก่ไข่,บาท/ตัว,27,28,27.5
13 พ.ย. 2566,ขายส่ง,ลูกไก่ไข่,บาท/ตัว,27,28,27.5
14 พ.ย. 2566,ขายส่ง,ลูกไก่ไข่,บาท/ตัว,27,28,27.5
15 พ.ย. 2566,ขายส่ง,ลูกไก่ไข่,บาท/ตัว,27,28,27.5
16 พ.ย. 2566,ขายส่ง,ลูกไก่ไข่,บาท/ตัว,27,28,27.5
17 พ.ย. 2566,ขายส่ง,ลูกไก่ไข่,บาท/ตัว,27,28,27.5
20 พ.ย. 2566,ขายส่ง,ลูกไก่ไข่,บาท/ตัว,27,28,27.5
21 พ.ย. 2566,ขายส่ง,ลูกไก่ไข่,บาท/ตัว,27,28,27.5
22 พ.ย. 2566,ขายส่ง,ลูกไก่ไข่,บาท/ตัว,27,28,27.5
23 พ.ย. 2566,ขายส่ง,ลูกไก่ไข่,บาท/ตัว,27,28,27.5
24 พ.ย. 2566,ขายส่ง,ลูกไก่ไข่,บาท/ตัว,27,28,27.5
27 พ.ย. 2566,ขายส่ง,ลูกไก่ไข่,บาท/ตัว,27,28,27.5
28 พ.ย. 2566,ขายส่ง,ลูกไก่ไข่,บาท/ตัว,27,28,27.5
29 พ.ย. 2566,ขายส่ง,ลูกไก่ไข่,บาท/ตัว,27,28,27.5
30 พ.ย. 2566,ขายส่ง,ลูกไก่ไข่,บาท/ตัว,27,28,27.5
1 ธ.ค. 2566,ขายส่ง,ลูกไก่ไข่,บาท/ตัว,27,28,27.5
4 ธ.ค. 2566,ขายส่ง,ลูกไก่ไข่,บาท/ตัว,27,28,27.5
6 ธ.ค. 2566,ขายส่ง,ลูกไก่ไข่,บาท/ตัว,27,28,27.5
7 ธ.ค. 2566,ขายส่ง,ลูกไก่ไข่,บาท/ตัว,27,28,27.5
8 ธ.ค. 2566,ขายส่ง,ลูกไก่ไข่,บาท/ตัว,27,28,27.5
12 ธ.ค. 2566,ขายส่ง,ลูกไก่ไข่,บาท/ตัว,27,28,27.5
13 ธ.ค. 2566,ขายส่ง,ลูกไก่ไข่,บาท/ตัว,27,28,27.5
14 ธ.ค. 2566,ขายส่ง,ลูกไก่ไข่,บาท/ตัว,27,28,27.5
15 ธ.ค. 2566,ขายส่ง,ลูกไก่ไข่,บาท/ตัว,27,28,27.5
18 ธ.ค. 2566,ขายส่ง,ลูกไก่ไข่,บาท/ตัว,27,28,27.5
19 ธ.ค. 2566,ขายส่ง,ลูกไก่ไข่,บาท/ตัว,27,28,27.5
20 ธ.ค. 2566,ขายส่ง,ลูกไก่ไข่,บาท/ตัว,27,28,27.5
21 ธ.ค. 2566,ขายส่ง,ลูกไก่ไข่,บาท/ตัว,27,28,27.5
22 ธ.ค. 2566,ขายส่ง,ลูกไก่ไข่,บาท/ตัว,27,28,27.5
25 ธ.ค. 2566,ขายส่ง,ลูกไก่ไข่,บาท/ตัว,27,28,27.5
26 ธ.ค. 2566,ขายส่ง,ลูกไก่ไข่,บาท/ตัว,27,28,27.5
27 ธ.ค. 2566,ขายส่ง,ลูกไก่ไข่,บาท/ตัว,27,28,27.5
28 ธ.ค. 2566,ขายส่ง,ลูกไก่ไข่,บาท/ตัว,27,28,27.5
2 ม.ค. 2567,ขายส่ง,ลูกไก่ไข่,บาท/ตัว,27,28,27.5
3 ม.ค. 2567,ขายส่ง,ลูกไก่ไข่,บาท/ตัว,27,28,27.5
4 ม.ค. 2567,ขายส่ง,ลูกไก่ไข่,บาท/ตัว,27,28,27.5
5 ม.ค. 2567,ขายส่ง,ลูกไก่ไข่,บาท/ตัว,27,28,27.5
8 ม.ค. 2567,ขายส่ง,ลูกไก่ไข่,บาท/ตัว,27,28,27.5
9 ม.ค. 2567,ขายส่ง,ลูกไก่ไข่,บาท/ตัว,27,28,27.5
10 ม.ค. 2567,ขายส่ง,ลูกไก่ไข่,บาท/ตัว,27,28,27.5
11 ม.ค. 2567,ขายส่ง,ลูกไก่ไข่,บาท/ตัว,27,28,27.5
12 ม.ค. 2567,ขายส่ง,ลูกไก่ไข่,บาท/ตัว,27,28,27.5
15 ม.ค. 2567,ขายส่ง,ลูกไก่ไข่,บาท/ตัว,27,28,27.5
16 ม.ค. 2567,ขายส่ง,ลูกไก่ไข่,บาท/ตัว,27,28,27.5
17 ม.ค. 2567,ขายส่ง,ลูกไก่ไข่,บาท/ตัว,27,28,27.5
18 ม.ค. 2567,ขายส่ง,ลูกไก่ไข่,บาท/ตัว,27,28,27.5
19 ม.ค. 2567,ขายส่ง,ลูกไก่ไข่,บาท/ตัว,27,28,27.5
22 ม.ค. 2567,ขายส่ง,ลูกไก่ไข่,บาท/ตัว,27,28,27.5
23 ม.ค. 2567,ขายส่ง,ลูกไก่ไข่,บาท/ตัว,27,28,27.5
24 ม.ค. 2567,ขายส่ง,ลูกไก่ไข่,บาท/ตัว,27,28,27.5
25 ม.ค. 2567,ขายส่ง,ลูกไก่ไข่,บาท/ตัว,27,28,27.5
26 ม.ค. 2567,ขายส่ง,ลูกไก่ไข่,บาท/ตัว,27,28,27.5
29 ม.ค. 2567,ขายส่ง,ลูกไก่ไข่,บาท/ตัว,27,28,27.5
30 ม.ค. 2567,ขายส่ง,ลูกไก่ไข่,บาท/ตัว,27,28,27.5
31 ม.ค. 2567,ขายส่ง,ลูกไก่ไข่,บาท/ตัว,27,28,27.5
1 ก.พ. 2567,ขายส่ง,ลูกไก่ไข่,บาท/ตัว,27,28,27.5
2 ก.พ. 2567,ขายส่ง,ลูกไก่ไข่,บาท/ตัว,27,28,27.5
5 ก.พ. 2567,ขายส่ง,ลูกไก่ไข่,บาท/ตัว,27,28,27.5
6 ก.พ. 2567,ขายส่ง,ลูกไก่ไข่,บาท/ตัว,27,28,27.5
7 ก.พ. 2567,ขายส่ง,ลูกไก่ไข่,บาท/ตัว,27,28,27.5
8 ก.พ. 2567,ขายส่ง,ลูกไก่ไข่,บาท/ตัว,27,28,27.5
9 ก.พ. 2567,ขายส่ง,ลูกไก่ไข่,บาท/ตัว,27,28,27.5
12 ก.พ. 2567,ขายส่ง,ลูกไก่ไข่,บาท/ตัว,27,28,27.5
13 ก.พ. 2567,ขายส่ง,ลูกไก่ไข่,บาท/ตัว,27,28,27.5
14 ก.พ. 2567,ขายส่ง,ลูกไก่ไข่,บาท/ตัว,27,28,27.5
15 ก.พ. 2567,ขายส่ง,ลูกไก่ไข่,บาท/ตัว,27,28,27.5
16 ก.พ. 2567,ขายส่ง,ลูกไก่ไข่,บาท/ตัว,27,28,27.5
19 ก.พ. 2567,ขายส่ง,ลูกไก่ไข่,บาท/ตัว,27,28,27.5
20 ก.พ. 2567,ขายส่ง,ลูกไก่ไข่,บาท/ตัว,27,28,27.5
21 ก.พ. 2567,ขายส่ง,ลูกไก่ไข่,บาท/ตัว,27,28,27.5
22 ก.พ. 2567,ขายส่ง,ลูกไก่ไข่,บาท/ตัว,27,28,27.5
23 ก.พ. 2567,ขายส่ง,ลูกไก่ไข่,บาท/ตัว,27,28,27.5
27 ก.พ. 2567,ขายส่ง,ลูกไก่ไข่,บาท/ตัว,27,28,27.5
28 ก.พ. 2567,ขายส่ง,ลูกไก่ไข่,บาท/ตัว,27,28,27.5
29 ก.พ. 2567,ขายส่ง,ลูกไก่ไข่,บาท/ตัว,27,28,27.5
1 มี.ค. 2567,ขายส่ง,ลูกไก่ไข่,บาท/ตัว,27,28,27.5
4 มี.ค. 2567,ขายส่ง,ลูกไก่ไข่,บาท/ตัว,27,28,27.5
5 มี.ค. 2567,ขายส่ง,ลูกไก่ไข่,บาท/ตัว,27,28,27.5
6 มี.ค. 2567,ขายส่ง,ลูกไก่ไข่,บาท/ตัว,27,28,27.5
7 มี.ค. 2567,ขายส่ง,ลูกไก่ไข่,บาท/ตัว,27,28,27.5
8 มี.ค. 2567,ขายส่ง,ลูกไก่ไข่,บาท/ตัว,27,28,27.5
11 มี.ค. 2567,ขายส่ง,ลูกไก่ไข่,บาท/ตัว,27,28,27.5
12 มี.ค. 2567,ขายส่ง,ลูกไก่ไข่,บาท/ตัว,27,28,27.5
13 มี.ค. 2567,ขายส่ง,ลูกไก่ไข่,บาท/ตัว,27,28,27.5
14 มี.ค. 2567,ขายส่ง,ลูกไก่ไข่,บาท/ตัว,27,28,27.5
15 มี.ค. 2567,ขายส่ง,ลูกไก่ไข่,บาท/ตัว,27,28,27.5
18 มี.ค. 2567,ขายส่ง,ลูกไก่ไข่,บาท/ตัว,27,28,27.5
19 มี.ค. 2567,ขายส่ง,ลูกไก่ไข่,บาท/ตัว,27,28,27.5
20 มี.ค. 2567,ขายส่ง,ลูกไก่ไข่,บาท/ตัว,27,28,27.5
21 มี.ค. 2567,ขายส่ง,ลูกไก่ไข่,บาท/ตัว,27,28,27.5
22 มี.ค. 2567,ขายส่ง,ลูกไก่ไข่,บาท/ตัว,27,28,27.5
25 มี.ค. 2567,ขายส่ง,ลูกไก่ไข่,บาท/ตัว,27,28,27.5
26 มี.ค. 2567,ขายส่ง,ลูกไก่ไข่,บาท/ตัว,27,28,27.5
27 มี.ค. 2567,ขายส่ง,ลูกไก่ไข่,บาท/ตัว,27,28,27.5
28 มี.ค. 2567,ขายส่ง,ลูกไก่ไข่,บาท/ตัว,27,28,27.5
29 มี.ค. 2567,ขายส่ง,ลูกไก่ไข่,บาท/ตัว,27,28,27.5
1 เม.ย. 2567,ขายส่ง,ลูกไก่ไข่,บาท/ตัว,27,28,27.5
2 เม.ย. 2567,ขายส่ง,ลูกไก่ไข่,บาท/ตัว,27,28,27.5
3 เม.ย. 2567,ขายส่ง,ลูกไก่ไข่,บาท/ตัว,27,28,27.5
4 เม.ย. 2567,ขายส่ง,ลูกไก่ไข่,บาท/ตัว,27,28,27.5
5 เม.ย. 2567,ขายส่ง,ลูกไก่ไข่,บาท/ตัว,27,28,27.5
9 เม.ย. 2567,ขายส่ง,ลูกไก่ไข่,บาท/ตัว,27,28,27.5
10 เม.ย. 2567,ขายส่ง,ลูกไก่ไข่,บาท/ตัว,27,28,27.5
11 เม.ย. 2567,ขายส่ง,ลูกไก่ไข่,บาท/ตัว,27,28,27.5
17 เม.ย. 2567,ขายส่ง,ลูกไก่ไข่,บาท/ตัว,27,28,27.5
18 เม.ย. 2567,ขายส่ง,ลูกไก่ไข่,บาท/ตัว,27,28,27.5
19 เม.ย. 2567,ขายส่ง,ลูกไก่ไข่,บาท/ตัว,27,28,27.5
22 เม.ย. 2567,ขายส่ง,ลูกไก่ไข่,บาท/ตัว,27,28,27.5
23 เม.ย. 2567,ขายส่ง,ลูกไก่ไข่,บาท/ตัว,27,28,27.5
24 เม.ย. 2567,ขายส่ง,ลูกไก่ไข่,บาท/ตัว,27,28,27.5
25 เม.ย. 2567,ขายส่ง,ลูกไก่ไข่,บาท/ตัว,27,28,27.5
26 เม.ย. 2567,ขายส่ง,ลูกไก่ไข่,บาท/ตัว,27,28,27.5
29 เม.ย. 2567,ขายส่ง,ลูกไก่ไข่,บาท/ตัว,27,28,27.5
30 เม.ย. 2567,ขายส่ง,ลูกไก่ไข่,บาท/ตัว,27,28,27.5
1 พ.ค. 2567,ขายส่ง,ลูกไก่ไข่,บาท/ตัว,27,28,27.5
2 พ.ค. 2567,ขายส่ง,ลูกไก่ไข่,บาท/ตัว,27,28,27.5
3 พ.ค. 2567,ขายส่ง,ลูกไก่ไข่,บาท/ตัว,27,28,27.5
7 พ.ค. 2567,ขายส่ง,ลูกไก่ไข่,บาท/ตัว,27,28,27.5
8 พ.ค. 2567,ขายส่ง,ลูกไก่ไข่,บาท/ตัว,27,28,27.5
9 พ.ค. 2567,ขายส่ง,ลูกไก่ไข่,บาท/ตัว,27,28,27.5
13 พ.ค. 2567,ขายส่ง,ลูกไก่ไข่,บาท/ตัว,27,28,27.5
14 พ.ค. 2567,ขายส่ง,ลูกไก่ไข่,บาท/ตัว,27,28,27.5
15 พ.ค. 2567,ขายส่ง,ลูกไก่ไข่,บาท/ตัว,27,28,27.5
16 พ.ค. 2567,ขายส่ง,ลูกไก่ไข่,บาท/ตัว,27,28,27.5
17 พ.ค. 2567,ขายส่ง,ลูกไก่ไข่,บาท/ตัว,27,28,27.5
20 พ.ค. 2567,ขายส่ง,ลูกไก่ไข่,บาท/ตัว,27,28,27.5
21 พ.ค. 2567,ขายส่ง,ลูกไก่ไข่,บาท/ตัว,27,28,27.5
23 พ.ค. 2567,ขายส่ง,ลูกไก่ไข่,บาท/ตัว,27,28,27.5
24 พ.ค. 2567,ขายส่ง,ลูกไก่ไข่,บาท/ตัว,27,28,27.5
27 พ.ค. 2567,ขายส่ง,ลูกไก่ไข่,บาท/ตัว,27,28,27.5
28 พ.ค. 2567,ขายส่ง,ลูกไก่ไข่,บาท/ตัว,27,28,27.5
29 พ.ค. 2567,ขายส่ง,ลูกไก่ไข่,บาท/ตัว,27,28,27.5
30 พ.ค. 2567,ขายส่ง,ลูกไก่ไข่,บาท/ตัว,27,28,27.5
31 พ.ค. 2567,ขายส่ง,ลูกไก่ไข่,บาท/ตัว,27,28,27.5
